user_id,role,table_name,table_owner,last_accessed_date,query_count_30d
USR001,FINANCE_READER,DB_FIN.SCHEMA_1.TBL_275,Product,2026-04-10,46
USR001,FINANCE_READER,DB_IT.SCHEMA_5.TBL_474,Finance,2026-04-06,147
USR001,FINANCE_READER,DB_OPE.SCHEMA_5.TBL_371,Finance,2026-03-25,164
USR001,FINANCE_READER,DB_OPE.SCHEMA_2.TBL_872,Marketing,2026-04-10,13
USR001,FINANCE_READER,DB_SAL.SCHEMA_4.TBL_433,,2026-03-18,145
USR001,FINANCE_READER,DB_ENG.SCHEMA_5.TBL_772,Operations,2026-04-03,118
USR001,FINANCE_READER,DB_OPE.SCHEMA_5.TBL_279,Operations,2026-04-03,194
USR001,FINANCE_READER,DB_PRO.SCHEMA_1.TBL_566,,2026-04-05,126
USR001,FINANCE_READER,DB_DES.SCHEMA_4.TBL_314,Marketing,2026-03-17,59
USR001,FINANCE_READER,DB_FIN.SCHEMA_5.TBL_756,People,2026-04-10,131
USR001,FINANCE_READER,DB_LEG.SCHEMA_2.TBL_274,,2026-03-11,7
USR002,DATA_STEWARD,DB_PEO.SCHEMA_5.TBL_843,Finance,2026-04-08,79
USR002,DATA_STEWARD,DB_LEG.SCHEMA_2.TBL_274,,2026-03-31,77
USR002,DATA_STEWARD,DB_IT.SCHEMA_5.TBL_474,Finance,2026-03-14,200
USR002,DATA_STEWARD,DB_FIN.SCHEMA_1.TBL_275,Product,2026-03-11,67
USR002,DATA_STEWARD,DB_FIN.SCHEMA_1.TBL_524,People,2026-04-04,34
USR002,DATA_STEWARD,DB_IT.SCHEMA_3.TBL_689,Marketing,2026-04-10,52
USR002,DATA_STEWARD,DB_MAR.SCHEMA_4.TBL_463,,2026-04-06,36
USR002,DATA_STEWARD,DB_IT.SCHEMA_3.TBL_271,,2026-04-09,3
USR002,DATA_STEWARD,DB_PRO.SCHEMA_1.TBL_566,,2026-03-12,178
USR003,HR_READER,DB_IT.SCHEMA_4.TBL_555,Marketing,2026-03-18,43
USR003,HR_READER,DB_PRO.SCHEMA_1.TBL_737,Engineering,2026-04-02,81
USR003,HR_READER,DB_SAL.SCHEMA_4.TBL_507,Finance,2026-03-13,181
USR003,HR_READER,DB_SAL.SCHEMA_3.TBL_675,Operations,2026-03-31,64
USR003,HR_READER,DB_OPE.SCHEMA_5.TBL_371,Finance,2026-03-14,85
USR003,HR_READER,DB_DES.SCHEMA_5.TBL_368,Operations,2026-04-08,107
USR003,HR_READER,DB_FIN.SCHEMA_4.TBL_367,Operations,2026-03-13,116
USR003,HR_READER,DB_FIN.SCHEMA_1.TBL_275,Product,2026-04-09,48
USR003,HR_READER,DB_FIN.SCHEMA_1.TBL_234,Engineering,2026-04-07,22
USR003,HR_READER,DB_LEG.SCHEMA_2.TBL_274,,2026-03-16,71
USR003,HR_READER,DB_DES.SCHEMA_1.TBL_795,Design,2026-03-18,38
USR003,HR_READER,DB_OPE.SCHEMA_2.TBL_872,Marketing,2026-03-14,186
USR003,HR_READER,DB_OPE.SCHEMA_2.TBL_789,,2026-03-29,117
USR003,HR_READER,DB_ENG.SCHEMA_5.TBL_772,Operations,2026-03-29,39
USR003,HR_READER,DB_IT.SCHEMA_3.TBL_689,Marketing,2026-03-19,121
USR003,HR_READER,DB_LEG.SCHEMA_4.TBL_543,Engineering,2026-04-05,178
USR003,HR_READER,DB_FIN.SCHEMA_1.TBL_524,People,2026-04-02,102
USR003,HR_READER,DB_PEO.SCHEMA_5.TBL_843,Finance,2026-03-14,118
USR003,HR_READER,DB_PRO.SCHEMA_5.TBL_828,,2026-03-19,12
USR003,HR_READER,DB_MAR.SCHEMA_1.TBL_405,,2026-03-18,83
USR003,HR_READER,DB_PEO.SCHEMA_3.TBL_524,,2026-03-31,182
USR003,HR_READER,DB_PRO.SCHEMA_1.TBL_566,,2026-03-17,181
USR003,HR_READER,DB_SAL.SCHEMA_1.TBL_813,,2026-03-12,10
USR003,HR_READER,DB_MAR.SCHEMA_2.TBL_657,People,2026-04-04,85
USR003,HR_READER,DB_IT.SCHEMA_5.TBL_474,Finance,2026-04-09,98
USR003,HR_READER,DB_OPE.SCHEMA_5.TBL_305,,2026-03-27,69
USR003,HR_READER,DB_PRO.SCHEMA_1.TBL_291,Engineering,2026-03-14,114
USR003,HR_READER,DB_LEG.SCHEMA_5.TBL_126,,2026-03-15,125
USR004,ENGINEER,DB_LEG.SCHEMA_2.TBL_795,Product,2026-03-14,58
USR004,ENGINEER,DB_ENG.SCHEMA_4.TBL_972,Operations,2026-04-04,46
USR004,ENGINEER,DB_MAR.SCHEMA_4.TBL_287,Finance,2026-03-23,49
USR004,ENGINEER,DB_PRO.SCHEMA_5.TBL_828,,2026-04-02,181
USR004,ENGINEER,DB_OPE.SCHEMA_2.TBL_872,Marketing,2026-03-11,171
USR004,ENGINEER,DB_SAL.SCHEMA_4.TBL_433,,2026-04-09,26
USR004,ENGINEER,DB_LEG.SCHEMA_2.TBL_274,,2026-04-05,81
USR005,VIEWER,DB_ENG.SCHEMA_4.TBL_972,Operations,2026-03-16,158
USR005,VIEWER,DB_PRO.SCHEMA_1.TBL_737,Engineering,2026-03-20,49
USR005,VIEWER,DB_IT.SCHEMA_3.TBL_689,Marketing,2026-03-12,105
USR005,VIEWER,DB_PRO.SCHEMA_1.TBL_291,Engineering,2026-03-15,128
USR005,VIEWER,DB_PEO.SCHEMA_5.TBL_278,Product,2026-03-25,48
USR005,VIEWER,DB_DES.SCHEMA_4.TBL_314,Marketing,2026-04-04,70
USR005,VIEWER,DB_PRO.SCHEMA_1.TBL_566,,2026-03-21,31
USR005,VIEWER,DB_OPE.SCHEMA_5.TBL_279,Operations,2026-03-15,146
USR005,VIEWER,DB_FIN.SCHEMA_1.TBL_275,Product,2026-03-22,29
USR005,VIEWER,DB_ENG.SCHEMA_1.TBL_609,,2026-03-30,113
USR005,VIEWER,DB_DES.SCHEMA_3.TBL_681,Design,2026-04-01,175
USR005,VIEWER,DB_PEO.SCHEMA_3.TBL_524,,2026-03-15,137
USR005,VIEWER,DB_PRO.SCHEMA_4.TBL_713,People,2026-04-03,85
USR005,VIEWER,DB_ENG.SCHEMA_5.TBL_772,Operations,2026-03-21,138
USR005,VIEWER,DB_FIN.SCHEMA_1.TBL_234,Engineering,2026-03-23,127
USR005,VIEWER,DB_FIN.SCHEMA_5.TBL_756,People,2026-03-30,184
USR005,VIEWER,DB_MAR.SCHEMA_2.TBL_657,People,2026-03-18,30
USR005,VIEWER,DB_ENG.SCHEMA_4.TBL_711,Finance,2026-03-23,10
USR005,VIEWER,DB_LEG.SCHEMA_2.TBL_274,,2026-03-31,39
USR005,VIEWER,DB_SAL.SCHEMA_4.TBL_433,,2026-03-26,131
USR005,VIEWER,DB_FIN.SCHEMA_1.TBL_524,People,2026-03-24,50
USR005,VIEWER,DB_MAR.SCHEMA_4.TBL_287,Finance,2026-04-03,183
USR005,VIEWER,DB_SAL.SCHEMA_1.TBL_584,,2026-03-20,136
USR005,VIEWER,DB_IT.SCHEMA_5.TBL_474,Finance,2026-04-09,112
USR005,VIEWER,DB_PEO.SCHEMA_5.TBL_796,Operations,2026-04-06,107
USR005,VIEWER,DB_SAL.SCHEMA_1.TBL_813,,2026-04-04,92
USR005,VIEWER,DB_OPE.SCHEMA_2.TBL_872,Marketing,2026-04-03,100
USR005,VIEWER,DB_OPE.SCHEMA_5.TBL_371,Finance,2026-04-09,190
USR005,VIEWER,DB_ENG.SCHEMA_1.TBL_930,Marketing,2026-03-14,34
USR005,VIEWER,DB_LEG.SCHEMA_5.TBL_126,,2026-03-27,14
USR006,ENGINEER,DB_MAR.SCHEMA_4.TBL_463,,2026-03-31,137
USR006,ENGINEER,DB_PRO.SCHEMA_4.TBL_713,People,2026-04-01,133
USR006,ENGINEER,DB_SAL.SCHEMA_1.TBL_584,,2026-03-13,2
USR006,ENGINEER,DB_SAL.SCHEMA_1.TBL_813,,2026-03-19,43
USR006,ENGINEER,DB_FIN.SCHEMA_1.TBL_524,People,2026-04-07,54
USR006,ENGINEER,DB_PEO.SCHEMA_4.TBL_226,Design,2026-03-28,161
USR006,ENGINEER,DB_PEO.SCHEMA_5.TBL_796,Operations,2026-04-01,83
USR006,ENGINEER,DB_ENG.SCHEMA_1.TBL_609,,2026-03-31,46
USR006,ENGINEER,DB_DES.SCHEMA_1.TBL_795,Design,2026-03-19,115
USR006,ENGINEER,DB_SAL.SCHEMA_4.TBL_433,,2026-03-30,102
USR006,ENGINEER,DB_FIN.SCHEMA_5.TBL_756,People,2026-03-21,176
USR006,ENGINEER,DB_PEO.SCHEMA_5.TBL_843,Finance,2026-04-06,91
USR006,ENGINEER,DB_MAR.SCHEMA_4.TBL_287,Finance,2026-03-20,90
USR006,ENGINEER,DB_IT.SCHEMA_3.TBL_271,,2026-03-12,128
USR006,ENGINEER,DB_IT.SCHEMA_4.TBL_884,,2026-03-21,82
USR006,ENGINEER,DB_SAL.SCHEMA_4.TBL_507,Finance,2026-03-19,138
USR006,ENGINEER,DB_PRO.SCHEMA_1.TBL_291,Engineering,2026-03-27,85
USR006,ENGINEER,DB_OPE.SCHEMA_5.TBL_305,,2026-03-30,131
USR006,ENGINEER,DB_PRO.SCHEMA_1.TBL_737,Engineering,2026-04-07,161
USR006,ENGINEER,DB_LEG.SCHEMA_4.TBL_543,Engineering,2026-04-04,177
USR006,ENGINEER,DB_FIN.SCHEMA_1.TBL_234,Engineering,2026-04-07,11
USR006,ENGINEER,DB_OPE.SCHEMA_5.TBL_371,Finance,2026-03-23,146
USR006,ENGINEER,DB_ENG.SCHEMA_4.TBL_972,Operations,2026-03-12,78
USR006,ENGINEER,DB_IT.SCHEMA_4.TBL_555,Marketing,2026-03-18,148
USR006,ENGINEER,DB_PEO.SCHEMA_5.TBL_278,Product,2026-04-05,140
USR006,ENGINEER,DB_IT.SCHEMA_5.TBL_474,Finance,2026-03-26,131
USR006,ENGINEER,DB_MAR.SCHEMA_4.TBL_933,Finance,2026-03-27,138
USR006,ENGINEER,DB_ENG.SCHEMA_5.TBL_772,Operations,2026-04-10,155
USR006,ENGINEER,DB_OPE.SCHEMA_5.TBL_279,Operations,2026-03-29,147
USR006,ENGINEER,DB_DES.SCHEMA_5.TBL_368,Operations,2026-03-20,159
USR007,DATA_STEWARD,DB_OPE.SCHEMA_5.TBL_371,Finance,2026-04-05,197
USR007,DATA_STEWARD,DB_LEG.SCHEMA_4.TBL_543,Engineering,2026-03-26,119
USR007,DATA_STEWARD,DB_LEG.SCHEMA_2.TBL_795,Product,2026-03-26,49
USR007,DATA_STEWARD,DB_ENG.SCHEMA_1.TBL_930,Marketing,2026-03-12,136
USR007,DATA_STEWARD,DB_MAR.SCHEMA_4.TBL_287,Finance,2026-04-10,128
USR007,DATA_STEWARD,DB_ENG.SCHEMA_1.TBL_609,,2026-04-08,23
USR007,DATA_STEWARD,DB_PEO.SCHEMA_3.TBL_524,,2026-03-21,58
USR007,DATA_STEWARD,DB_SAL.SCHEMA_4.TBL_507,Finance,2026-03-11,41
USR007,DATA_STEWARD,DB_PRO.SCHEMA_1.TBL_291,Engineering,2026-03-29,56
USR007,DATA_STEWARD,DB_IT.SCHEMA_3.TBL_271,,2026-03-17,51
USR007,DATA_STEWARD,DB_PRO.SCHEMA_5.TBL_828,,2026-04-10,99
USR007,DATA_STEWARD,DB_SAL.SCHEMA_3.TBL_675,Operations,2026-04-05,119
USR007,DATA_STEWARD,DB_DES.SCHEMA_1.TBL_795,Design,2026-03-25,15
USR007,DATA_STEWARD,DB_ENG.SCHEMA_4.TBL_972,Operations,2026-03-22,36
USR007,DATA_STEWARD,DB_SAL.SCHEMA_1.TBL_584,,2026-03-29,126
USR007,DATA_STEWARD,DB_PEO.SCHEMA_5.TBL_278,Product,2026-03-29,34
USR007,DATA_STEWARD,DB_PEO.SCHEMA_5.TBL_796,Operations,2026-03-22,59
USR007,DATA_STEWARD,DB_ENG.SCHEMA_4.TBL_711,Finance,2026-03-28,78
USR007,DATA_STEWARD,DB_FIN.SCHEMA_4.TBL_367,Operations,2026-03-14,180
USR007,DATA_STEWARD,DB_MAR.SCHEMA_2.TBL_657,People,2026-04-04,36
USR007,DATA_STEWARD,DB_DES.SCHEMA_3.TBL_681,Design,2026-04-09,178
USR008,DATA_STEWARD,DB_PRO.SCHEMA_1.TBL_291,Engineering,2026-03-20,194
USR008,DATA_STEWARD,DB_IT.SCHEMA_4.TBL_884,,2026-03-13,108
USR008,DATA_STEWARD,DB_PEO.SCHEMA_5.TBL_796,Operations,2026-03-16,124
USR008,DATA_STEWARD,DB_FIN.SCHEMA_1.TBL_234,Engineering,2026-03-19,45
USR008,DATA_STEWARD,DB_PEO.SCHEMA_3.TBL_524,,2026-03-15,24
USR008,DATA_STEWARD,DB_SAL.SCHEMA_3.TBL_675,Operations,2026-03-15,171
USR008,DATA_STEWARD,DB_DES.SCHEMA_3.TBL_681,Design,2026-04-06,28
USR008,DATA_STEWARD,DB_LEG.SCHEMA_5.TBL_126,,2026-03-13,190
USR008,DATA_STEWARD,DB_PEO.SCHEMA_5.TBL_278,Product,2026-04-06,195
USR008,DATA_STEWARD,DB_SAL.SCHEMA_1.TBL_584,,2026-04-06,83
USR008,DATA_STEWARD,DB_OPE.SCHEMA_2.TBL_789,,2026-03-20,166
USR008,DATA_STEWARD,DB_PRO.SCHEMA_1.TBL_737,Engineering,2026-03-19,79
USR008,DATA_STEWARD,DB_OPE.SCHEMA_5.TBL_279,Operations,2026-03-31,131
USR008,DATA_STEWARD,DB_LEG.SCHEMA_2.TBL_274,,2026-04-04,89
USR008,DATA_STEWARD,DB_ENG.SCHEMA_4.TBL_711,Finance,2026-03-11,37
USR009,FINANCE_READER,DB_LEG.SCHEMA_4.TBL_543,Engineering,2026-03-31,85
USR009,FINANCE_READER,DB_DES.SCHEMA_1.TBL_795,Design,2026-04-10,24
USR009,FINANCE_READER,DB_MAR.SCHEMA_4.TBL_463,,2026-04-02,77
USR009,FINANCE_READER,DB_IT.SCHEMA_3.TBL_271,,2026-03-31,100
USR009,FINANCE_READER,DB_ENG.SCHEMA_5.TBL_772,Operations,2026-03-11,114
USR009,FINANCE_READER,DB_ENG.SCHEMA_4.TBL_711,Finance,2026-03-17,126
USR009,FINANCE_READER,DB_IT.SCHEMA_4.TBL_555,Marketing,2026-03-16,14
USR009,FINANCE_READER,DB_DES.SCHEMA_4.TBL_314,Marketing,2026-03-20,10
USR009,FINANCE_READER,DB_SAL.SCHEMA_4.TBL_507,Finance,2026-03-18,162
USR009,FINANCE_READER,DB_OPE.SCHEMA_5.TBL_371,Finance,2026-03-16,172
USR009,FINANCE_READER,DB_PEO.SCHEMA_5.TBL_843,Finance,2026-04-05,76
USR009,FINANCE_READER,DB_ENG.SCHEMA_1.TBL_930,Marketing,2026-03-11,72
USR009,FINANCE_READER,DB_OPE.SCHEMA_2.TBL_872,Marketing,2026-03-20,5
USR009,FINANCE_READER,DB_PEO.SCHEMA_5.TBL_796,Operations,2026-03-14,40
USR009,FINANCE_READER,DB_LEG.SCHEMA_5.TBL_126,,2026-03-13,113
USR009,FINANCE_READER,DB_OPE.SCHEMA_5.TBL_305,,2026-03-28,87
USR009,FINANCE_READER,DB_PRO.SCHEMA_1.TBL_291,Engineering,2026-04-10,108
USR009,FINANCE_READER,DB_OPE.SCHEMA_2.TBL_789,,2026-04-10,181
USR009,FINANCE_READER,DB_FIN.SCHEMA_1.TBL_234,Engineering,2026-03-31,52
USR009,FINANCE_READER,DB_PRO.SCHEMA_4.TBL_713,People,2026-04-08,167
USR009,FINANCE_READER,DB_DES.SCHEMA_4.TBL_126,Engineering,2026-04-04,79
USR009,FINANCE_READER,DB_SAL.SCHEMA_1.TBL_813,,2026-03-17,102
USR010,VIEWER,DB_LEG.SCHEMA_2.TBL_795,Product,2026-04-06,8
USR010,VIEWER,DB_SAL.SCHEMA_4.TBL_433,,2026-03-13,40
USR010,VIEWER,DB_SAL.SCHEMA_3.TBL_675,Operations,2026-03-30,4
USR011,ADMIN,DB_LEG.SCHEMA_5.TBL_126,,2026-03-25,88
USR011,ADMIN,DB_PEO.SCHEMA_5.TBL_843,Finance,2026-03-23,75
USR011,ADMIN,DB_FIN.SCHEMA_1.TBL_524,People,2026-03-23,156
USR011,ADMIN,DB_OPE.SCHEMA_2.TBL_789,,2026-04-10,128
USR011,ADMIN,DB_MAR.SCHEMA_4.TBL_933,Finance,2026-04-04,171
USR011,ADMIN,DB_OPE.SCHEMA_5.TBL_371,Finance,2026-03-17,97
USR011,ADMIN,DB_DES.SCHEMA_4.TBL_314,Marketing,2026-03-18,52
USR011,ADMIN,DB_IT.SCHEMA_4.TBL_555,Marketing,2026-04-04,38
USR011,ADMIN,DB_MAR.SCHEMA_2.TBL_657,People,2026-03-12,145
USR012,HR_READER,DB_OPE.SCHEMA_2.TBL_789,,2026-04-01,152
USR012,HR_READER,DB_DES.SCHEMA_5.TBL_368,Operations,2026-03-11,176
USR012,HR_READER,DB_PEO.SCHEMA_5.TBL_796,Operations,2026-03-27,120
USR012,HR_READER,DB_MAR.SCHEMA_4.TBL_463,,2026-04-10,8
USR012,HR_READER,DB_OPE.SCHEMA_5.TBL_279,Operations,2026-03-13,193
USR012,HR_READER,DB_SAL.SCHEMA_1.TBL_584,,2026-03-20,97
USR012,HR_READER,DB_FIN.SCHEMA_1.TBL_275,Product,2026-03-14,131
USR012,HR_READER,DB_PEO.SCHEMA_5.TBL_843,Finance,2026-03-26,14
USR012,HR_READER,DB_PRO.SCHEMA_1.TBL_291,Engineering,2026-04-05,160
USR012,HR_READER,DB_IT.SCHEMA_3.TBL_689,Marketing,2026-04-02,41
USR013,VIEWER,DB_IT.SCHEMA_3.TBL_271,,2026-03-27,132
USR013,VIEWER,DB_FIN.SCHEMA_1.TBL_234,Engineering,2026-04-03,44
USR013,VIEWER,DB_PRO.SCHEMA_1.TBL_566,,2026-03-18,36
USR013,VIEWER,DB_PEO.SCHEMA_5.TBL_278,Product,2026-04-04,67
USR013,VIEWER,DB_LEG.SCHEMA_2.TBL_795,Product,2026-03-31,50
USR013,VIEWER,DB_SAL.SCHEMA_4.TBL_507,Finance,2026-03-30,105
USR013,VIEWER,DB_MAR.SCHEMA_2.TBL_657,People,2026-04-06,146
USR013,VIEWER,DB_OPE.SCHEMA_5.TBL_371,Finance,2026-03-24,160
USR013,VIEWER,DB_DES.SCHEMA_1.TBL_795,Design,2026-04-03,78
USR013,VIEWER,DB_PEO.SCHEMA_5.TBL_843,Finance,2026-04-02,171
USR013,VIEWER,DB_LEG.SCHEMA_4.TBL_543,Engineering,2026-03-25,173
USR013,VIEWER,DB_DES.SCHEMA_4.TBL_126,Engineering,2026-04-06,125
USR013,VIEWER,DB_DES.SCHEMA_4.TBL_314,Marketing,2026-03-17,38
USR013,VIEWER,DB_FIN.SCHEMA_1.TBL_524,People,2026-03-18,125
USR013,VIEWER,DB_SAL.SCHEMA_4.TBL_433,,2026-03-16,65
USR013,VIEWER,DB_ENG.SCHEMA_4.TBL_711,Finance,2026-04-07,151
USR014,ENGINEER,DB_DES.SCHEMA_4.TBL_314,Marketing,2026-04-09,114
USR014,ENGINEER,DB_FIN.SCHEMA_1.TBL_524,People,2026-03-19,94
USR014,ENGINEER,DB_PRO.SCHEMA_4.TBL_713,People,2026-03-11,93
USR014,ENGINEER,DB_DES.SCHEMA_1.TBL_795,Design,2026-04-03,179
USR014,ENGINEER,DB_IT.SCHEMA_3.TBL_689,Marketing,2026-03-24,158
USR014,ENGINEER,DB_PEO.SCHEMA_5.TBL_843,Finance,2026-03-22,170
USR014,ENGINEER,DB_LEG.SCHEMA_5.TBL_126,,2026-03-27,42
USR014,ENGINEER,DB_FIN.SCHEMA_1.TBL_234,Engineering,2026-03-23,21
USR014,ENGINEER,DB_PEO.SCHEMA_5.TBL_278,Product,2026-04-09,109
USR014,ENGINEER,DB_LEG.SCHEMA_4.TBL_543,Engineering,2026-04-03,149
USR014,ENGINEER,DB_ENG.SCHEMA_1.TBL_930,Marketing,2026-03-14,51
USR014,ENGINEER,DB_MAR.SCHEMA_4.TBL_287,Finance,2026-03-19,56
USR014,ENGINEER,DB_ENG.SCHEMA_5.TBL_772,Operations,2026-03-31,194
USR014,ENGINEER,DB_OPE.SCHEMA_2.TBL_789,,2026-03-27,172
USR014,ENGINEER,DB_DES.SCHEMA_5.TBL_368,Operations,2026-04-04,18
USR014,ENGINEER,DB_LEG.SCHEMA_3.TBL_401,Operations,2026-03-15,195
USR014,ENGINEER,DB_PRO.SCHEMA_1.TBL_737,Engineering,2026-03-21,143
USR014,ENGINEER,DB_ENG.SCHEMA_4.TBL_711,Finance,2026-04-09,12
USR014,ENGINEER,DB_SAL.SCHEMA_1.TBL_584,,2026-03-16,81
USR014,ENGINEER,DB_FIN.SCHEMA_1.TBL_275,Product,2026-04-07,100
USR014,ENGINEER,DB_OPE.SCHEMA_5.TBL_371,Finance,2026-03-16,21
USR014,ENGINEER,DB_MAR.SCHEMA_4.TBL_463,,2026-03-30,113
USR014,ENGINEER,DB_PRO.SCHEMA_1.TBL_291,Engineering,2026-03-19,121
USR015,ANALYST,DB_ENG.SCHEMA_4.TBL_972,Operations,2026-03-15,108
USR015,ANALYST,DB_LEG.SCHEMA_4.TBL_543,Engineering,2026-03-13,101
USR015,ANALYST,DB_DES.SCHEMA_3.TBL_681,Design,2026-03-12,65
USR015,ANALYST,DB_DES.SCHEMA_1.TBL_795,Design,2026-03-23,76
USR015,ANALYST,DB_DES.SCHEMA_4.TBL_126,Engineering,2026-03-18,6
USR015,ANALYST,DB_DES.SCHEMA_5.TBL_368,Operations,2026-04-08,184
USR015,ANALYST,DB_PEO.SCHEMA_3.TBL_524,,2026-03-11,112
USR015,ANALYST,DB_LEG.SCHEMA_2.TBL_795,Product,2026-03-16,78
USR015,ANALYST,DB_PEO.SCHEMA_5.TBL_796,Operations,2026-03-25,100
USR015,ANALYST,DB_LEG.SCHEMA_3.TBL_401,Operations,2026-04-08,99
USR015,ANALYST,DB_IT.SCHEMA_4.TBL_555,Marketing,2026-04-02,2
USR015,ANALYST,DB_MAR.SCHEMA_4.TBL_463,,2026-04-10,91
USR015,ANALYST,DB_SAL.SCHEMA_1.TBL_813,,2026-04-04,183
USR015,ANALYST,DB_SAL.SCHEMA_4.TBL_507,Finance,2026-03-17,18
USR016,HR_READER,DB_FIN.SCHEMA_5.TBL_756,People,2026-03-16,137
USR016,HR_READER,DB_PRO.SCHEMA_1.TBL_566,,2026-04-01,125
USR016,HR_READER,DB_DES.SCHEMA_4.TBL_314,Marketing,2026-03-31,105
USR016,HR_READER,DB_OPE.SCHEMA_5.TBL_305,,2026-04-04,200
USR016,HR_READER,DB_OPE.SCHEMA_2.TBL_789,,2026-03-14,34
USR016,HR_READER,DB_DES.SCHEMA_4.TBL_126,Engineering,2026-04-04,188
USR016,HR_READER,DB_MAR.SCHEMA_2.TBL_657,People,2026-03-27,37
USR016,HR_READER,DB_LEG.SCHEMA_3.TBL_401,Operations,2026-03-24,27
USR016,HR_READER,DB_DES.SCHEMA_3.TBL_681,Design,2026-03-16,71
USR016,HR_READER,DB_SAL.SCHEMA_4.TBL_507,Finance,2026-04-06,182
USR016,HR_READER,DB_IT.SCHEMA_4.TBL_884,,2026-03-29,156
USR016,HR_READER,DB_PRO.SCHEMA_4.TBL_713,People,2026-04-07,141
USR016,HR_READER,DB_FIN.SCHEMA_1.TBL_234,Engineering,2026-03-25,114
USR016,HR_READER,DB_OPE.SCHEMA_2.TBL_872,Marketing,2026-03-30,145
USR016,HR_READER,DB_IT.SCHEMA_3.TBL_689,Marketing,2026-03-30,73
USR016,HR_READER,DB_PRO.SCHEMA_1.TBL_737,Engineering,2026-04-01,129
USR016,HR_READER,DB_FIN.SCHEMA_4.TBL_367,Operations,2026-03-13,149
USR016,HR_READER,DB_LEG.SCHEMA_4.TBL_543,Engineering,2026-03-20,177
USR016,HR_READER,DB_DES.SCHEMA_5.TBL_368,Operations,2026-04-07,9
USR016,HR_READER,DB_MAR.SCHEMA_1.TBL_405,,2026-03-24,180
USR016,HR_READER,DB_PEO.SCHEMA_5.TBL_278,Product,2026-03-28,31
USR016,HR_READER,DB_PEO.SCHEMA_5.TBL_843,Finance,2026-03-16,117
USR016,HR_READER,DB_LEG.SCHEMA_5.TBL_126,,2026-03-22,102
USR016,HR_READER,DB_LEG.SCHEMA_2.TBL_274,,2026-04-10,23
USR016,HR_READER,DB_PEO.SCHEMA_3.TBL_524,,2026-04-03,2
USR016,HR_READER,DB_SAL.SCHEMA_1.TBL_584,,2026-03-20,9
USR016,HR_READER,DB_ENG.SCHEMA_1.TBL_609,,2026-03-28,108
USR017,HR_READER,DB_FIN.SCHEMA_1.TBL_275,Product,2026-03-22,100
USR017,HR_READER,DB_PEO.SCHEMA_3.TBL_524,,2026-03-30,49
USR017,HR_READER,DB_SAL.SCHEMA_1.TBL_813,,2026-03-31,193
USR017,HR_READER,DB_OPE.SCHEMA_2.TBL_789,,2026-04-02,200
USR017,HR_READER,DB_MAR.SCHEMA_4.TBL_287,Finance,2026-04-05,137
USR017,HR_READER,DB_OPE.SCHEMA_5.TBL_279,Operations,2026-04-03,107
USR017,HR_READER,DB_LEG.SCHEMA_2.TBL_795,Product,2026-04-08,81
USR017,HR_READER,DB_DES.SCHEMA_3.TBL_681,Design,2026-03-13,46
USR017,HR_READER,DB_ENG.SCHEMA_5.TBL_772,Operations,2026-03-11,86
USR017,HR_READER,DB_ENG.SCHEMA_4.TBL_711,Finance,2026-03-19,28
USR017,HR_READER,DB_SAL.SCHEMA_4.TBL_507,Finance,2026-03-22,32
USR017,HR_READER,DB_FIN.SCHEMA_1.TBL_524,People,2026-03-27,6
USR017,HR_READER,DB_IT.SCHEMA_4.TBL_555,Marketing,2026-04-03,123
USR017,HR_READER,DB_MAR.SCHEMA_2.TBL_657,People,2026-03-27,107
USR017,HR_READER,DB_IT.SCHEMA_3.TBL_689,Marketing,2026-04-08,192
USR017,HR_READER,DB_PRO.SCHEMA_1.TBL_566,,2026-03-20,118
USR018,HR_READER,DB_OPE.SCHEMA_5.TBL_305,,2026-04-10,99
USR018,HR_READER,DB_ENG.SCHEMA_1.TBL_930,Marketing,2026-04-02,35
USR018,HR_READER,DB_PEO.SCHEMA_4.TBL_226,Design,2026-04-09,51
USR018,HR_READER,DB_MAR.SCHEMA_4.TBL_463,,2026-03-21,75
USR018,HR_READER,DB_PRO.SCHEMA_1.TBL_291,Engineering,2026-04-07,57
USR018,HR_READER,DB_SAL.SCHEMA_4.TBL_507,Finance,2026-03-22,166
USR018,HR_READER,DB_PEO.SCHEMA_5.TBL_278,Product,2026-04-09,17
USR018,HR_READER,DB_ENG.SCHEMA_4.TBL_711,Finance,2026-03-16,150
USR018,HR_READER,DB_PEO.SCHEMA_3.TBL_524,,2026-03-11,79
USR018,HR_READER,DB_LEG.SCHEMA_5.TBL_126,,2026-03-22,139
USR018,HR_READER,DB_FIN.SCHEMA_1.TBL_275,Product,2026-04-05,144
USR018,HR_READER,DB_IT.SCHEMA_3.TBL_271,,2026-04-05,106
USR018,HR_READER,DB_IT.SCHEMA_4.TBL_555,Marketing,2026-03-18,181
USR018,HR_READER,DB_OPE.SCHEMA_2.TBL_872,Marketing,2026-03-28,90
USR018,HR_READER,DB_IT.SCHEMA_5.TBL_474,Finance,2026-04-06,154
USR018,HR_READER,DB_MAR.SCHEMA_4.TBL_287,Finance,2026-04-09,93
USR018,HR_READER,DB_SAL.SCHEMA_3.TBL_675,Operations,2026-03-15,74
USR018,HR_READER,DB_IT.SCHEMA_4.TBL_884,,2026-04-06,12
USR018,HR_READER,DB_ENG.SCHEMA_5.TBL_772,Operations,2026-03-21,10
USR018,HR_READER,DB_PEO.SCHEMA_5.TBL_796,Operations,2026-03-12,71
USR018,HR_READER,DB_OPE.SCHEMA_5.TBL_371,Finance,2026-04-06,80
USR018,HR_READER,DB_OPE.SCHEMA_5.TBL_279,Operations,2026-04-05,22
USR018,HR_READER,DB_LEG.SCHEMA_2.TBL_795,Product,2026-04-03,5
USR018,HR_READER,DB_LEG.SCHEMA_3.TBL_401,Operations,2026-04-03,102
USR018,HR_READER,DB_FIN.SCHEMA_1.TBL_524,People,2026-03-31,97
USR019,ENGINEER,DB_MAR.SCHEMA_4.TBL_463,,2026-03-16,28
USR019,ENGINEER,DB_ENG.SCHEMA_1.TBL_930,Marketing,2026-03-14,105
USR019,ENGINEER,DB_SAL.SCHEMA_3.TBL_675,Operations,2026-03-28,191
USR019,ENGINEER,DB_PRO.SCHEMA_1.TBL_737,Engineering,2026-03-23,103
USR019,ENGINEER,DB_OPE.SCHEMA_5.TBL_279,Operations,2026-04-01,11
USR019,ENGINEER,DB_ENG.SCHEMA_1.TBL_609,,2026-03-16,137
USR019,ENGINEER,DB_PRO.SCHEMA_1.TBL_291,Engineering,2026-03-30,170
USR019,ENGINEER,DB_SAL.SCHEMA_1.TBL_813,,2026-04-10,179
USR019,ENGINEER,DB_PRO.SCHEMA_5.TBL_828,,2026-03-16,134
USR019,ENGINEER,DB_FIN.SCHEMA_1.TBL_524,People,2026-04-08,23
USR019,ENGINEER,DB_LEG.SCHEMA_2.TBL_274,,2026-03-19,157
USR019,ENGINEER,DB_FIN.SCHEMA_5.TBL_756,People,2026-03-27,155
USR019,ENGINEER,DB_IT.SCHEMA_4.TBL_555,Marketing,2026-03-23,89
USR019,ENGINEER,DB_DES.SCHEMA_4.TBL_314,Marketing,2026-04-08,111
USR019,ENGINEER,DB_PEO.SCHEMA_5.TBL_843,Finance,2026-04-07,168
USR019,ENGINEER,DB_SAL.SCHEMA_4.TBL_433,,2026-03-29,169
USR019,ENGINEER,DB_OPE.SCHEMA_2.TBL_789,,2026-04-07,24
USR019,ENGINEER,DB_IT.SCHEMA_3.TBL_689,Marketing,2026-04-06,182
USR019,ENGINEER,DB_LEG.SCHEMA_5.TBL_126,,2026-03-26,141
USR019,ENGINEER,DB_DES.SCHEMA_3.TBL_681,Design,2026-03-14,195
USR019,ENGINEER,DB_ENG.SCHEMA_5.TBL_772,Operations,2026-04-09,93
USR019,ENGINEER,DB_FIN.SCHEMA_4.TBL_367,Operations,2026-03-19,172
USR019,ENGINEER,DB_DES.SCHEMA_4.TBL_126,Engineering,2026-04-04,141
USR019,ENGINEER,DB_OPE.SCHEMA_2.TBL_872,Marketing,2026-04-02,48
USR019,ENGINEER,DB_ENG.SCHEMA_4.TBL_711,Finance,2026-04-10,98
USR020,HR_READER,DB_PEO.SCHEMA_5.TBL_843,Finance,2026-04-03,198
USR020,HR_READER,DB_DES.SCHEMA_5.TBL_368,Operations,2026-03-19,87
USR020,HR_READER,DB_ENG.SCHEMA_5.TBL_772,Operations,2026-04-05,101
USR020,HR_READER,DB_SAL.SCHEMA_1.TBL_813,,2026-03-24,187
USR020,HR_READER,DB_LEG.SCHEMA_5.TBL_126,,2026-04-10,16
USR020,HR_READER,DB_PRO.SCHEMA_1.TBL_737,Engineering,2026-03-14,196
USR020,HR_READER,DB_FIN.SCHEMA_1.TBL_234,Engineering,2026-03-21,89
USR020,HR_READER,DB_IT.SCHEMA_4.TBL_555,Marketing,2026-03-23,143
USR020,HR_READER,DB_SAL.SCHEMA_4.TBL_507,Finance,2026-03-31,19
USR020,HR_READER,DB_IT.SCHEMA_3.TBL_689,Marketing,2026-04-08,104
USR020,HR_READER,DB_LEG.SCHEMA_4.TBL_543,Engineering,2026-04-09,0
USR020,HR_READER,DB_LEG.SCHEMA_3.TBL_401,Operations,2026-03-30,98
USR020,HR_READER,DB_PRO.SCHEMA_1.TBL_291,Engineering,2026-03-20,171
USR020,HR_READER,DB_FIN.SCHEMA_1.TBL_275,Product,2026-03-12,94
USR020,HR_READER,DB_PRO.SCHEMA_4.TBL_713,People,2026-03-25,130
USR020,HR_READER,DB_MAR.SCHEMA_2.TBL_657,People,2026-03-26,109
USR020,HR_READER,DB_IT.SCHEMA_3.TBL_271,,2026-03-24,7
USR020,HR_READER,DB_IT.SCHEMA_5.TBL_474,Finance,2026-04-04,197
USR020,HR_READER,DB_ENG.SCHEMA_4.TBL_972,Operations,2026-04-03,19
USR020,HR_READER,DB_PEO.SCHEMA_4.TBL_226,Design,2026-03-26,139
USR020,HR_READER,DB_PEO.SCHEMA_3.TBL_524,,2026-03-16,173
USR020,HR_READER,DB_DES.SCHEMA_3.TBL_681,Design,2026-04-10,159
USR020,HR_READER,DB_DES.SCHEMA_1.TBL_795,Design,2026-03-23,24
USR020,HR_READER,DB_FIN.SCHEMA_5.TBL_756,People,2026-04-07,72
USR020,HR_READER,DB_OPE.SCHEMA_5.TBL_279,Operations,2026-04-03,160
USR020,HR_READER,DB_LEG.SCHEMA_2.TBL_795,Product,2026-03-26,58
USR021,ANALYST,DB_MAR.SCHEMA_1.TBL_405,,2026-03-20,138
USR022,ADMIN,DB_ENG.SCHEMA_4.TBL_711,Finance,2026-03-21,142
USR022,ADMIN,DB_PEO.SCHEMA_3.TBL_524,,2026-03-29,177
USR022,ADMIN,DB_MAR.SCHEMA_2.TBL_657,People,2026-03-28,137
USR022,ADMIN,DB_PRO.SCHEMA_4.TBL_713,People,2026-03-19,50
USR022,ADMIN,DB_OPE.SCHEMA_2.TBL_872,Marketing,2026-04-05,141
USR022,ADMIN,DB_IT.SCHEMA_3.TBL_271,,2026-03-24,143
USR022,ADMIN,DB_PEO.SCHEMA_5.TBL_278,Product,2026-03-20,77
USR022,ADMIN,DB_DES.SCHEMA_4.TBL_314,Marketing,2026-04-06,57
USR022,ADMIN,DB_FIN.SCHEMA_1.TBL_275,Product,2026-04-02,142
USR022,ADMIN,DB_ENG.SCHEMA_1.TBL_930,Marketing,2026-03-11,170
USR022,ADMIN,DB_PEO.SCHEMA_4.TBL_226,Design,2026-03-23,133
USR022,ADMIN,DB_PRO.SCHEMA_1.TBL_291,Engineering,2026-03-19,27
USR022,ADMIN,DB_MAR.SCHEMA_4.TBL_933,Finance,2026-04-06,77
USR022,ADMIN,DB_LEG.SCHEMA_4.TBL_543,Engineering,2026-03-22,119
USR022,ADMIN,DB_MAR.SCHEMA_4.TBL_287,Finance,2026-04-08,147
USR022,ADMIN,DB_SAL.SCHEMA_3.TBL_675,Operations,2026-03-22,88
USR022,ADMIN,DB_DES.SCHEMA_1.TBL_795,Design,2026-04-10,188
USR022,ADMIN,DB_PEO.SCHEMA_5.TBL_796,Operations,2026-04-05,184
USR022,ADMIN,DB_OPE.SCHEMA_5.TBL_305,,2026-04-05,116
USR022,ADMIN,DB_OPE.SCHEMA_2.TBL_789,,2026-03-17,141
USR022,ADMIN,DB_DES.SCHEMA_3.TBL_681,Design,2026-04-07,16
USR022,ADMIN,DB_FIN.SCHEMA_4.TBL_367,Operations,2026-03-21,162
USR022,ADMIN,DB_SAL.SCHEMA_1.TBL_813,,2026-03-24,183
USR022,ADMIN,DB_IT.SCHEMA_3.TBL_689,Marketing,2026-03-25,147
USR023,HR_READER,DB_OPE.SCHEMA_5.TBL_305,,2026-03-30,127
USR023,HR_READER,DB_IT.SCHEMA_3.TBL_689,Marketing,2026-03-17,197
USR023,HR_READER,DB_PEO.SCHEMA_5.TBL_278,Product,2026-04-06,147
USR023,HR_READER,DB_OPE.SCHEMA_2.TBL_789,,2026-03-25,100
USR023,HR_READER,DB_PEO.SCHEMA_5.TBL_843,Finance,2026-03-27,118
USR023,HR_READER,DB_SAL.SCHEMA_1.TBL_584,,2026-04-01,177
USR023,HR_READER,DB_MAR.SCHEMA_4.TBL_933,Finance,2026-03-23,93
USR023,HR_READER,DB_DES.SCHEMA_4.TBL_314,Marketing,2026-03-29,104
USR023,HR_READER,DB_FIN.SCHEMA_1.TBL_275,Product,2026-03-20,127
USR023,HR_READER,DB_ENG.SCHEMA_4.TBL_711,Finance,2026-03-14,136
USR023,HR_READER,DB_DES.SCHEMA_5.TBL_368,Operations,2026-04-05,20
USR023,HR_READER,DB_FIN.SCHEMA_1.TBL_234,Engineering,2026-04-01,123
USR023,HR_READER,DB_FIN.SCHEMA_1.TBL_524,People,2026-03-22,58
USR023,HR_READER,DB_DES.SCHEMA_4.TBL_126,Engineering,2026-03-19,9
USR023,HR_READER,DB_MAR.SCHEMA_4.TBL_287,Finance,2026-03-29,110
USR023,HR_READER,DB_FIN.SCHEMA_5.TBL_756,People,2026-03-14,162
USR023,HR_READER,DB_IT.SCHEMA_5.TBL_474,Finance,2026-03-29,163
USR023,HR_READER,DB_PRO.SCHEMA_1.TBL_737,Engineering,2026-03-30,112
USR023,HR_READER,DB_LEG.SCHEMA_3.TBL_401,Operations,2026-04-04,161
USR023,HR_READER,DB_SAL.SCHEMA_4.TBL_507,Finance,2026-04-06,88
USR024,ENGINEER,DB_PEO.SCHEMA_5.TBL_843,Finance,2026-04-10,55
USR024,ENGINEER,DB_OPE.SCHEMA_2.TBL_872,Marketing,2026-04-06,72
USR024,ENGINEER,DB_SAL.SCHEMA_1.TBL_813,,2026-04-06,71
USR024,ENGINEER,DB_MAR.SCHEMA_4.TBL_463,,2026-03-12,105
USR025,FINANCE_READER,DB_PEO.SCHEMA_3.TBL_524,,2026-03-12,150
USR025,FINANCE_READER,DB_PEO.SCHEMA_4.TBL_226,Design,2026-03-14,98
USR026,ANALYST,DB_FIN.SCHEMA_4.TBL_367,Operations,2026-03-29,128
USR026,ANALYST,DB_MAR.SCHEMA_4.TBL_933,Finance,2026-04-10,18
USR026,ANALYST,DB_PRO.SCHEMA_1.TBL_566,,2026-04-04,32
USR026,ANALYST,DB_MAR.SCHEMA_4.TBL_463,,2026-04-08,11
USR026,ANALYST,DB_DES.SCHEMA_5.TBL_368,Operations,2026-03-12,110
USR026,ANALYST,DB_DES.SCHEMA_3.TBL_681,Design,2026-03-26,142
USR026,ANALYST,DB_OPE.SCHEMA_5.TBL_305,,2026-04-02,157
USR026,ANALYST,DB_FIN.SCHEMA_1.TBL_524,People,2026-03-25,40
USR026,ANALYST,DB_MAR.SCHEMA_2.TBL_657,People,2026-03-24,117
USR026,ANALYST,DB_OPE.SCHEMA_5.TBL_279,Operations,2026-03-14,94
USR026,ANALYST,DB_LEG.SCHEMA_5.TBL_126,,2026-04-10,108
USR026,ANALYST,DB_FIN.SCHEMA_5.TBL_756,People,2026-03-29,22
USR026,ANALYST,DB_DES.SCHEMA_4.TBL_126,Engineering,2026-03-31,77
USR026,ANALYST,DB_PRO.SCHEMA_1.TBL_291,Engineering,2026-04-03,182
USR026,ANALYST,DB_SAL.SCHEMA_4.TBL_507,Finance,2026-03-25,3
USR026,ANALYST,DB_PRO.SCHEMA_4.TBL_713,People,2026-03-13,40
USR026,ANALYST,DB_OPE.SCHEMA_2.TBL_872,Marketing,2026-03-30,139
USR026,ANALYST,DB_FIN.SCHEMA_1.TBL_275,Product,2026-03-17,172
USR026,ANALYST,DB_ENG.SCHEMA_5.TBL_772,Operations,2026-04-04,150
USR026,ANALYST,DB_LEG.SCHEMA_3.TBL_401,Operations,2026-04-03,196
USR026,ANALYST,DB_OPE.SCHEMA_5.TBL_371,Finance,2026-03-19,175
USR026,ANALYST,DB_MAR.SCHEMA_4.TBL_287,Finance,2026-03-22,74
USR026,ANALYST,DB_LEG.SCHEMA_2.TBL_274,,2026-03-13,200
USR026,ANALYST,DB_PEO.SCHEMA_5.TBL_843,Finance,2026-03-23,70
USR026,ANALYST,DB_PEO.SCHEMA_3.TBL_524,,2026-03-23,6
USR026,ANALYST,DB_PEO.SCHEMA_5.TBL_796,Operations,2026-03-26,175
USR026,ANALYST,DB_IT.SCHEMA_3.TBL_689,Marketing,2026-03-14,89
USR027,VIEWER,DB_ENG.SCHEMA_1.TBL_930,Marketing,2026-03-31,177
USR027,VIEWER,DB_MAR.SCHEMA_4.TBL_933,Finance,2026-04-01,100
USR028,ANALYST,DB_FIN.SCHEMA_1.TBL_524,People,2026-03-28,85
USR028,ANALYST,DB_PRO.SCHEMA_1.TBL_737,Engineering,2026-03-30,46
USR028,ANALYST,DB_SAL.SCHEMA_4.TBL_433,,2026-03-15,38
USR028,ANALYST,DB_FIN.SCHEMA_1.TBL_275,Product,2026-04-07,32
USR028,ANALYST,DB_ENG.SCHEMA_4.TBL_972,Operations,2026-04-07,189
USR028,ANALYST,DB_ENG.SCHEMA_1.TBL_609,,2026-03-12,4
USR028,ANALYST,DB_LEG.SCHEMA_2.TBL_274,,2026-04-04,98
USR028,ANALYST,DB_SAL.SCHEMA_1.TBL_813,,2026-04-09,88
USR028,ANALYST,DB_SAL.SCHEMA_3.TBL_675,Operations,2026-04-03,173
USR028,ANALYST,DB_OPE.SCHEMA_5.TBL_305,,2026-03-30,122
USR028,ANALYST,DB_OPE.SCHEMA_5.TBL_279,Operations,2026-03-31,115
USR028,ANALYST,DB_MAR.SCHEMA_4.TBL_287,Finance,2026-03-20,164
USR029,ADMIN,DB_LEG.SCHEMA_4.TBL_543,Engineering,2026-03-12,21
USR029,ADMIN,DB_LEG.SCHEMA_2.TBL_795,Product,2026-03-27,168
USR029,ADMIN,DB_PEO.SCHEMA_5.TBL_278,Product,2026-04-10,0
USR029,ADMIN,DB_IT.SCHEMA_4.TBL_884,,2026-03-17,73
USR030,ENGINEER,DB_ENG.SCHEMA_1.TBL_930,Marketing,2026-03-25,44
USR030,ENGINEER,DB_DES.SCHEMA_4.TBL_314,Marketing,2026-03-13,127
USR030,ENGINEER,DB_SAL.SCHEMA_4.TBL_507,Finance,2026-03-11,71
USR030,ENGINEER,DB_DES.SCHEMA_3.TBL_681,Design,2026-04-06,185
USR030,ENGINEER,DB_PRO.SCHEMA_1.TBL_737,Engineering,2026-03-24,106
USR031,FINANCE_READER,DB_OPE.SCHEMA_5.TBL_305,,2026-03-15,60
USR031,FINANCE_READER,DB_IT.SCHEMA_3.TBL_689,Marketing,2026-03-12,67
USR031,FINANCE_READER,DB_ENG.SCHEMA_4.TBL_711,Finance,2026-03-23,178
USR031,FINANCE_READER,DB_IT.SCHEMA_5.TBL_474,Finance,2026-03-21,129
USR031,FINANCE_READER,DB_DES.SCHEMA_4.TBL_314,Marketing,2026-03-18,101
USR031,FINANCE_READER,DB_DES.SCHEMA_3.TBL_681,Design,2026-04-05,93
USR031,FINANCE_READER,DB_PRO.SCHEMA_1.TBL_737,Engineering,2026-03-30,155
USR031,FINANCE_READER,DB_PEO.SCHEMA_4.TBL_226,Design,2026-03-28,0
USR031,FINANCE_READER,DB_OPE.SCHEMA_2.TBL_872,Marketing,2026-04-03,190
USR031,FINANCE_READER,DB_PRO.SCHEMA_1.TBL_566,,2026-04-01,161
USR031,FINANCE_READER,DB_SAL.SCHEMA_4.TBL_507,Finance,2026-04-03,24
USR031,FINANCE_READER,DB_PEO.SCHEMA_3.TBL_524,,2026-03-24,171
USR031,FINANCE_READER,DB_IT.SCHEMA_3.TBL_271,,2026-03-24,91
USR031,FINANCE_READER,DB_PEO.SCHEMA_5.TBL_843,Finance,2026-03-28,175
USR031,FINANCE_READER,DB_MAR.SCHEMA_4.TBL_933,Finance,2026-03-14,57
USR031,FINANCE_READER,DB_DES.SCHEMA_4.TBL_126,Engineering,2026-03-24,104
USR031,FINANCE_READER,DB_PEO.SCHEMA_5.TBL_796,Operations,2026-04-02,41
USR032,ENGINEER,DB_DES.SCHEMA_1.TBL_795,Design,2026-04-01,7
USR032,ENGINEER,DB_PEO.SCHEMA_3.TBL_524,,2026-03-15,25
USR032,ENGINEER,DB_ENG.SCHEMA_1.TBL_609,,2026-03-18,5
USR032,ENGINEER,DB_OPE.SCHEMA_5.TBL_371,Finance,2026-04-02,178
USR032,ENGINEER,DB_SAL.SCHEMA_4.TBL_507,Finance,2026-03-22,6
USR032,ENGINEER,DB_ENG.SCHEMA_5.TBL_772,Operations,2026-04-07,146
USR033,DATA_STEWARD,DB_SAL.SCHEMA_4.TBL_507,Finance,2026-04-01,119
USR033,DATA_STEWARD,DB_LEG.SCHEMA_5.TBL_126,,2026-04-06,94
USR033,DATA_STEWARD,DB_PRO.SCHEMA_4.TBL_713,People,2026-03-23,109
USR033,DATA_STEWARD,DB_PRO.SCHEMA_5.TBL_828,,2026-04-07,98
USR033,DATA_STEWARD,DB_LEG.SCHEMA_2.TBL_274,,2026-03-13,153
USR033,DATA_STEWARD,DB_OPE.SCHEMA_2.TBL_872,Marketing,2026-03-23,47
USR033,DATA_STEWARD,DB_PRO.SCHEMA_1.TBL_737,Engineering,2026-03-13,56
USR033,DATA_STEWARD,DB_FIN.SCHEMA_1.TBL_275,Product,2026-03-16,60
USR033,DATA_STEWARD,DB_LEG.SCHEMA_3.TBL_401,Operations,2026-03-29,46
USR033,DATA_STEWARD,DB_OPE.SCHEMA_2.TBL_789,,2026-03-30,95
USR033,DATA_STEWARD,DB_IT.SCHEMA_4.TBL_555,Marketing,2026-03-11,29
USR033,DATA_STEWARD,DB_ENG.SCHEMA_5.TBL_772,Operations,2026-04-09,172
USR033,DATA_STEWARD,DB_LEG.SCHEMA_2.TBL_795,Product,2026-04-10,150
USR033,DATA_STEWARD,DB_MAR.SCHEMA_4.TBL_287,Finance,2026-03-26,98
USR033,DATA_STEWARD,DB_ENG.SCHEMA_1.TBL_930,Marketing,2026-03-13,10
USR033,DATA_STEWARD,DB_PEO.SCHEMA_3.TBL_524,,2026-04-04,49
USR033,DATA_STEWARD,DB_DES.SCHEMA_4.TBL_314,Marketing,2026-03-15,26
USR033,DATA_STEWARD,DB_MAR.SCHEMA_1.TBL_405,,2026-03-23,86
USR033,DATA_STEWARD,DB_LEG.SCHEMA_4.TBL_543,Engineering,2026-04-07,128
USR033,DATA_STEWARD,DB_PRO.SCHEMA_1.TBL_566,,2026-04-02,1
USR033,DATA_STEWARD,DB_SAL.SCHEMA_3.TBL_675,Operations,2026-03-28,117
USR033,DATA_STEWARD,DB_FIN.SCHEMA_1.TBL_234,Engineering,2026-03-15,96
USR033,DATA_STEWARD,DB_IT.SCHEMA_3.TBL_689,Marketing,2026-04-01,121
USR033,DATA_STEWARD,DB_SAL.SCHEMA_1.TBL_584,,2026-04-01,8
USR033,DATA_STEWARD,DB_OPE.SCHEMA_5.TBL_371,Finance,2026-04-07,177
USR033,DATA_STEWARD,DB_PEO.SCHEMA_5.TBL_796,Operations,2026-03-21,168
USR033,DATA_STEWARD,DB_DES.SCHEMA_3.TBL_681,Design,2026-03-13,186
USR033,DATA_STEWARD,DB_MAR.SCHEMA_2.TBL_657,People,2026-03-14,158
USR033,DATA_STEWARD,DB_MAR.SCHEMA_4.TBL_463,,2026-03-18,134
USR033,DATA_STEWARD,DB_ENG.SCHEMA_4.TBL_972,Operations,2026-03-28,54
USR034,DATA_STEWARD,DB_IT.SCHEMA_4.TBL_555,Marketing,2026-03-13,195
USR034,DATA_STEWARD,DB_ENG.SCHEMA_4.TBL_972,Operations,2026-03-28,112
USR034,DATA_STEWARD,DB_PRO.SCHEMA_4.TBL_713,People,2026-04-08,100
USR034,DATA_STEWARD,DB_ENG.SCHEMA_4.TBL_711,Finance,2026-03-22,105
USR034,DATA_STEWARD,DB_LEG.SCHEMA_2.TBL_795,Product,2026-03-26,47
USR034,DATA_STEWARD,DB_SAL.SCHEMA_4.TBL_433,,2026-03-16,70
USR034,DATA_STEWARD,DB_IT.SCHEMA_4.TBL_884,,2026-03-14,40
USR034,DATA_STEWARD,DB_OPE.SCHEMA_5.TBL_279,Operations,2026-03-27,99
USR034,DATA_STEWARD,DB_PEO.SCHEMA_5.TBL_843,Finance,2026-04-09,85
USR034,DATA_STEWARD,DB_MAR.SCHEMA_4.TBL_287,Finance,2026-04-03,6
USR034,DATA_STEWARD,DB_OPE.SCHEMA_5.TBL_305,,2026-04-02,63
USR034,DATA_STEWARD,DB_FIN.SCHEMA_4.TBL_367,Operations,2026-04-10,132
USR034,DATA_STEWARD,DB_IT.SCHEMA_3.TBL_689,Marketing,2026-03-20,31
USR034,DATA_STEWARD,DB_LEG.SCHEMA_5.TBL_126,,2026-03-12,24
USR034,DATA_STEWARD,DB_ENG.SCHEMA_1.TBL_930,Marketing,2026-04-10,173
USR034,DATA_STEWARD,DB_DES.SCHEMA_4.TBL_314,Marketing,2026-03-29,90
USR034,DATA_STEWARD,DB_PEO.SCHEMA_5.TBL_278,Product,2026-04-05,148
USR034,DATA_STEWARD,DB_ENG.SCHEMA_1.TBL_609,,2026-03-30,160
USR034,DATA_STEWARD,DB_PRO.SCHEMA_1.TBL_291,Engineering,2026-04-02,47
USR034,DATA_STEWARD,DB_PRO.SCHEMA_1.TBL_566,,2026-03-16,46
USR034,DATA_STEWARD,DB_OPE.SCHEMA_5.TBL_371,Finance,2026-03-19,149
USR034,DATA_STEWARD,DB_DES.SCHEMA_5.TBL_368,Operations,2026-03-16,176
USR034,DATA_STEWARD,DB_LEG.SCHEMA_3.TBL_401,Operations,2026-04-08,69
USR034,DATA_STEWARD,DB_DES.SCHEMA_3.TBL_681,Design,2026-03-19,67
USR034,DATA_STEWARD,DB_SAL.SCHEMA_4.TBL_507,Finance,2026-03-11,183
USR034,DATA_STEWARD,DB_MAR.SCHEMA_1.TBL_405,,2026-04-03,102
USR034,DATA_STEWARD,DB_OPE.SCHEMA_2.TBL_872,Marketing,2026-03-24,21
USR034,DATA_STEWARD,DB_PRO.SCHEMA_5.TBL_828,,2026-04-07,88
USR034,DATA_STEWARD,DB_PEO.SCHEMA_4.TBL_226,Design,2026-03-29,161
USR034,DATA_STEWARD,DB_DES.SCHEMA_1.TBL_795,Design,2026-03-16,177
USR035,ADMIN,DB_PEO.SCHEMA_5.TBL_278,Product,2026-04-02,172
USR035,ADMIN,DB_ENG.SCHEMA_4.TBL_972,Operations,2026-03-19,138
USR035,ADMIN,DB_PRO.SCHEMA_1.TBL_291,Engineering,2026-03-23,16
USR035,ADMIN,DB_OPE.SCHEMA_2.TBL_872,Marketing,2026-03-28,48
USR035,ADMIN,DB_SAL.SCHEMA_4.TBL_507,Finance,2026-04-03,143
USR036,DATA_STEWARD,DB_SAL.SCHEMA_1.TBL_584,,2026-03-18,45
USR036,DATA_STEWARD,DB_SAL.SCHEMA_4.TBL_433,,2026-04-05,19
USR036,DATA_STEWARD,DB_IT.SCHEMA_3.TBL_271,,2026-04-05,29
USR036,DATA_STEWARD,DB_PRO.SCHEMA_1.TBL_291,Engineering,2026-04-02,123
USR036,DATA_STEWARD,DB_PEO.SCHEMA_4.TBL_226,Design,2026-03-16,71
USR036,DATA_STEWARD,DB_LEG.SCHEMA_3.TBL_401,Operations,2026-03-22,96
USR037,DATA_STEWARD,DB_ENG.SCHEMA_4.TBL_972,Operations,2026-03-25,50
USR037,DATA_STEWARD,DB_SAL.SCHEMA_1.TBL_584,,2026-03-15,67
USR037,DATA_STEWARD,DB_ENG.SCHEMA_5.TBL_772,Operations,2026-03-15,15
USR037,DATA_STEWARD,DB_OPE.SCHEMA_5.TBL_279,Operations,2026-04-08,176
USR037,DATA_STEWARD,DB_FIN.SCHEMA_4.TBL_367,Operations,2026-03-22,118
USR037,DATA_STEWARD,DB_DES.SCHEMA_4.TBL_126,Engineering,2026-03-12,191
USR037,DATA_STEWARD,DB_OPE.SCHEMA_2.TBL_789,,2026-03-18,110
USR037,DATA_STEWARD,DB_IT.SCHEMA_4.TBL_884,,2026-03-22,145
USR037,DATA_STEWARD,DB_ENG.SCHEMA_1.TBL_609,,2026-04-04,95
USR037,DATA_STEWARD,DB_PRO.SCHEMA_1.TBL_737,Engineering,2026-03-29,47
USR037,DATA_STEWARD,DB_MAR.SCHEMA_4.TBL_463,,2026-03-21,122
USR037,DATA_STEWARD,DB_PEO.SCHEMA_4.TBL_226,Design,2026-03-11,126
USR037,DATA_STEWARD,DB_MAR.SCHEMA_1.TBL_405,,2026-04-03,47
USR037,DATA_STEWARD,DB_DES.SCHEMA_3.TBL_681,Design,2026-04-05,122
USR037,DATA_STEWARD,DB_ENG.SCHEMA_1.TBL_930,Marketing,2026-04-06,167
USR037,DATA_STEWARD,DB_IT.SCHEMA_4.TBL_555,Marketing,2026-04-03,147
USR037,DATA_STEWARD,DB_OPE.SCHEMA_2.TBL_872,Marketing,2026-03-16,153
USR037,DATA_STEWARD,DB_PRO.SCHEMA_4.TBL_713,People,2026-03-11,179
USR037,DATA_STEWARD,DB_FIN.SCHEMA_1.TBL_275,Product,2026-03-19,181
USR037,DATA_STEWARD,DB_FIN.SCHEMA_1.TBL_524,People,2026-03-24,190
USR037,DATA_STEWARD,DB_PRO.SCHEMA_5.TBL_828,,2026-03-29,190
USR037,DATA_STEWARD,DB_LEG.SCHEMA_2.TBL_274,,2026-03-30,137
USR037,DATA_STEWARD,DB_DES.SCHEMA_1.TBL_795,Design,2026-04-04,18
USR037,DATA_STEWARD,DB_PEO.SCHEMA_3.TBL_524,,2026-04-08,17
USR038,DATA_STEWARD,DB_MAR.SCHEMA_1.TBL_405,,2026-04-05,42
USR038,DATA_STEWARD,DB_PEO.SCHEMA_3.TBL_524,,2026-03-24,41
USR038,DATA_STEWARD,DB_PEO.SCHEMA_5.TBL_843,Finance,2026-03-14,4
USR038,DATA_STEWARD,DB_IT.SCHEMA_3.TBL_689,Marketing,2026-03-28,52
USR038,DATA_STEWARD,DB_FIN.SCHEMA_1.TBL_234,Engineering,2026-03-11,140
USR038,DATA_STEWARD,DB_OPE.SCHEMA_5.TBL_305,,2026-03-17,47
USR038,DATA_STEWARD,DB_ENG.SCHEMA_4.TBL_972,Operations,2026-03-11,195
USR038,DATA_STEWARD,DB_FIN.SCHEMA_4.TBL_367,Operations,2026-04-05,148
USR038,DATA_STEWARD,DB_MAR.SCHEMA_4.TBL_933,Finance,2026-03-13,77
USR038,DATA_STEWARD,DB_ENG.SCHEMA_5.TBL_772,Operations,2026-04-02,57
USR038,DATA_STEWARD,DB_SAL.SCHEMA_4.TBL_507,Finance,2026-03-31,31
USR038,DATA_STEWARD,DB_OPE.SCHEMA_2.TBL_872,Marketing,2026-04-06,147
USR038,DATA_STEWARD,DB_DES.SCHEMA_5.TBL_368,Operations,2026-03-18,137
USR038,DATA_STEWARD,DB_PRO.SCHEMA_1.TBL_566,,2026-04-05,65
USR038,DATA_STEWARD,DB_IT.SCHEMA_3.TBL_271,,2026-04-06,17
USR038,DATA_STEWARD,DB_IT.SCHEMA_5.TBL_474,Finance,2026-04-05,84
USR038,DATA_STEWARD,DB_PRO.SCHEMA_4.TBL_713,People,2026-04-05,63
USR038,DATA_STEWARD,DB_IT.SCHEMA_4.TBL_555,Marketing,2026-03-13,173
USR038,DATA_STEWARD,DB_DES.SCHEMA_1.TBL_795,Design,2026-03-13,180
USR038,DATA_STEWARD,DB_IT.SCHEMA_4.TBL_884,,2026-04-08,132
USR038,DATA_STEWARD,DB_SAL.SCHEMA_3.TBL_675,Operations,2026-03-30,42
USR038,DATA_STEWARD,DB_OPE.SCHEMA_2.TBL_789,,2026-03-18,13
USR038,DATA_STEWARD,DB_ENG.SCHEMA_1.TBL_609,,2026-03-26,59
USR038,DATA_STEWARD,DB_ENG.SCHEMA_4.TBL_711,Finance,2026-03-13,58
USR039,ADMIN,DB_MAR.SCHEMA_2.TBL_657,People,2026-03-27,5
USR039,ADMIN,DB_PEO.SCHEMA_3.TBL_524,,2026-04-03,150
USR039,ADMIN,DB_PRO.SCHEMA_5.TBL_828,,2026-03-11,3
USR039,ADMIN,DB_OPE.SCHEMA_5.TBL_371,Finance,2026-04-03,123
USR039,ADMIN,DB_OPE.SCHEMA_2.TBL_789,,2026-04-06,172
USR039,ADMIN,DB_OPE.SCHEMA_5.TBL_305,,2026-04-03,117
USR039,ADMIN,DB_FIN.SCHEMA_4.TBL_367,Operations,2026-03-30,109
USR039,ADMIN,DB_DES.SCHEMA_4.TBL_314,Marketing,2026-03-20,40
USR039,ADMIN,DB_MAR.SCHEMA_1.TBL_405,,2026-04-02,117
USR039,ADMIN,DB_DES.SCHEMA_4.TBL_126,Engineering,2026-04-08,116
USR039,ADMIN,DB_ENG.SCHEMA_5.TBL_772,Operations,2026-04-03,8
USR039,ADMIN,DB_FIN.SCHEMA_5.TBL_756,People,2026-03-30,118
USR039,ADMIN,DB_ENG.SCHEMA_1.TBL_609,,2026-03-27,200
USR039,ADMIN,DB_LEG.SCHEMA_4.TBL_543,Engineering,2026-03-22,38
USR039,ADMIN,DB_DES.SCHEMA_1.TBL_795,Design,2026-03-22,62
USR039,ADMIN,DB_FIN.SCHEMA_1.TBL_234,Engineering,2026-04-06,196
USR039,ADMIN,DB_OPE.SCHEMA_5.TBL_279,Operations,2026-03-29,158
USR039,ADMIN,DB_IT.SCHEMA_3.TBL_271,,2026-03-13,48
USR039,ADMIN,DB_MAR.SCHEMA_4.TBL_287,Finance,2026-04-09,134
USR040,VIEWER,DB_LEG.SCHEMA_4.TBL_543,Engineering,2026-04-01,164
USR040,VIEWER,DB_ENG.SCHEMA_5.TBL_772,Operations,2026-03-21,178
USR040,VIEWER,DB_FIN.SCHEMA_1.TBL_234,Engineering,2026-03-14,149
USR040,VIEWER,DB_PEO.SCHEMA_4.TBL_226,Design,2026-03-22,64
USR040,VIEWER,DB_DES.SCHEMA_4.TBL_314,Marketing,2026-03-19,43
USR040,VIEWER,DB_MAR.SCHEMA_2.TBL_657,People,2026-04-01,57
USR040,VIEWER,DB_IT.SCHEMA_4.TBL_884,,2026-03-17,66
USR040,VIEWER,DB_IT.SCHEMA_3.TBL_689,Marketing,2026-03-19,10
USR040,VIEWER,DB_LEG.SCHEMA_2.TBL_274,,2026-03-16,95
USR040,VIEWER,DB_IT.SCHEMA_5.TBL_474,Finance,2026-04-02,142
USR040,VIEWER,DB_OPE.SCHEMA_5.TBL_371,Finance,2026-03-31,129
USR041,ANALYST,DB_SAL.SCHEMA_4.TBL_433,,2026-04-08,133
USR041,ANALYST,DB_ENG.SCHEMA_5.TBL_772,Operations,2026-04-01,115
USR041,ANALYST,DB_ENG.SCHEMA_1.TBL_930,Marketing,2026-03-19,137
USR041,ANALYST,DB_OPE.SCHEMA_2.TBL_789,,2026-03-21,62
USR041,ANALYST,DB_DES.SCHEMA_3.TBL_681,Design,2026-03-13,86
USR041,ANALYST,DB_PRO.SCHEMA_4.TBL_713,People,2026-03-30,161
USR041,ANALYST,DB_PEO.SCHEMA_3.TBL_524,,2026-04-05,191
USR041,ANALYST,DB_IT.SCHEMA_4.TBL_884,,2026-03-30,110
USR041,ANALYST,DB_PEO.SCHEMA_5.TBL_796,Operations,2026-03-20,172
USR041,ANALYST,DB_MAR.SCHEMA_1.TBL_405,,2026-04-06,101
USR041,ANALYST,DB_IT.SCHEMA_3.TBL_689,Marketing,2026-04-02,2
USR041,ANALYST,DB_DES.SCHEMA_5.TBL_368,Operations,2026-03-28,190
USR042,DATA_STEWARD,DB_IT.SCHEMA_4.TBL_555,Marketing,2026-03-18,94
USR042,DATA_STEWARD,DB_PEO.SCHEMA_5.TBL_278,Product,2026-03-17,33
USR042,DATA_STEWARD,DB_SAL.SCHEMA_4.TBL_433,,2026-03-19,120
USR042,DATA_STEWARD,DB_LEG.SCHEMA_2.TBL_274,,2026-03-27,20
USR042,DATA_STEWARD,DB_OPE.SCHEMA_2.TBL_872,Marketing,2026-04-05,183
USR042,DATA_STEWARD,DB_DES.SCHEMA_4.TBL_314,Marketing,2026-03-14,2
USR042,DATA_STEWARD,DB_IT.SCHEMA_3.TBL_271,,2026-04-07,169
USR042,DATA_STEWARD,DB_DES.SCHEMA_5.TBL_368,Operations,2026-04-09,30
USR042,DATA_STEWARD,DB_LEG.SCHEMA_5.TBL_126,,2026-04-05,109
USR042,DATA_STEWARD,DB_OPE.SCHEMA_5.TBL_279,Operations,2026-03-15,29
USR042,DATA_STEWARD,DB_PRO.SCHEMA_1.TBL_737,Engineering,2026-03-30,133
USR042,DATA_STEWARD,DB_PEO.SCHEMA_4.TBL_226,Design,2026-03-29,122
USR042,DATA_STEWARD,DB_MAR.SCHEMA_1.TBL_405,,2026-03-19,199
USR042,DATA_STEWARD,DB_MAR.SCHEMA_4.TBL_933,Finance,2026-03-20,107
USR042,DATA_STEWARD,DB_OPE.SCHEMA_5.TBL_371,Finance,2026-03-29,196
USR043,HR_READER,DB_PEO.SCHEMA_5.TBL_843,Finance,2026-04-01,172
USR043,HR_READER,DB_MAR.SCHEMA_4.TBL_463,,2026-03-13,99
USR043,HR_READER,DB_PRO.SCHEMA_1.TBL_737,Engineering,2026-03-20,157
USR043,HR_READER,DB_IT.SCHEMA_3.TBL_271,,2026-03-14,182
USR043,HR_READER,DB_DES.SCHEMA_4.TBL_126,Engineering,2026-03-30,4
USR043,HR_READER,DB_DES.SCHEMA_3.TBL_681,Design,2026-03-26,12
USR043,HR_READER,DB_SAL.SCHEMA_1.TBL_584,,2026-03-31,69
USR044,DATA_STEWARD,DB_LEG.SCHEMA_2.TBL_795,Product,2026-03-23,182
USR044,DATA_STEWARD,DB_SAL.SCHEMA_4.TBL_433,,2026-04-09,166
USR044,DATA_STEWARD,DB_PEO.SCHEMA_4.TBL_226,Design,2026-04-05,75
USR044,DATA_STEWARD,DB_PRO.SCHEMA_4.TBL_713,People,2026-04-06,124
USR044,DATA_STEWARD,DB_IT.SCHEMA_3.TBL_271,,2026-04-09,50
USR044,DATA_STEWARD,DB_SAL.SCHEMA_4.TBL_507,Finance,2026-04-02,148
USR044,DATA_STEWARD,DB_LEG.SCHEMA_3.TBL_401,Operations,2026-03-11,197
USR044,DATA_STEWARD,DB_PRO.SCHEMA_5.TBL_828,,2026-03-27,122
USR044,DATA_STEWARD,DB_FIN.SCHEMA_4.TBL_367,Operations,2026-03-22,49
USR044,DATA_STEWARD,DB_LEG.SCHEMA_5.TBL_126,,2026-03-21,136
USR044,DATA_STEWARD,DB_ENG.SCHEMA_4.TBL_711,Finance,2026-03-31,144
USR044,DATA_STEWARD,DB_DES.SCHEMA_4.TBL_314,Marketing,2026-03-28,52
USR044,DATA_STEWARD,DB_MAR.SCHEMA_4.TBL_933,Finance,2026-03-16,185
USR044,DATA_STEWARD,DB_ENG.SCHEMA_5.TBL_772,Operations,2026-03-19,53
USR044,DATA_STEWARD,DB_ENG.SCHEMA_1.TBL_930,Marketing,2026-03-21,170
USR044,DATA_STEWARD,DB_DES.SCHEMA_5.TBL_368,Operations,2026-03-30,185
USR044,DATA_STEWARD,DB_OPE.SCHEMA_5.TBL_305,,2026-04-06,92
USR044,DATA_STEWARD,DB_DES.SCHEMA_4.TBL_126,Engineering,2026-04-09,29
USR044,DATA_STEWARD,DB_IT.SCHEMA_4.TBL_555,Marketing,2026-03-18,48
USR044,DATA_STEWARD,DB_PEO.SCHEMA_5.TBL_843,Finance,2026-03-18,17
USR044,DATA_STEWARD,DB_FIN.SCHEMA_1.TBL_524,People,2026-04-08,183
USR044,DATA_STEWARD,DB_OPE.SCHEMA_2.TBL_789,,2026-04-09,104
USR044,DATA_STEWARD,DB_PEO.SCHEMA_5.TBL_278,Product,2026-04-03,152
USR044,DATA_STEWARD,DB_FIN.SCHEMA_5.TBL_756,People,2026-03-22,68
USR044,DATA_STEWARD,DB_FIN.SCHEMA_1.TBL_234,Engineering,2026-03-17,34
USR044,DATA_STEWARD,DB_ENG.SCHEMA_4.TBL_972,Operations,2026-03-18,46
USR044,DATA_STEWARD,DB_LEG.SCHEMA_4.TBL_543,Engineering,2026-03-19,106
USR044,DATA_STEWARD,DB_PEO.SCHEMA_5.TBL_796,Operations,2026-03-29,56
USR044,DATA_STEWARD,DB_PRO.SCHEMA_1.TBL_566,,2026-03-22,91
USR045,FINANCE_READER,DB_MAR.SCHEMA_4.TBL_463,,2026-03-27,49
USR045,FINANCE_READER,DB_PRO.SCHEMA_1.TBL_566,,2026-04-01,127
USR045,FINANCE_READER,DB_OPE.SCHEMA_2.TBL_872,Marketing,2026-04-05,121
USR045,FINANCE_READER,DB_PRO.SCHEMA_1.TBL_737,Engineering,2026-03-26,40
USR046,ANALYST,DB_ENG.SCHEMA_4.TBL_972,Operations,2026-03-27,66
USR046,ANALYST,DB_LEG.SCHEMA_4.TBL_543,Engineering,2026-03-11,52
USR046,ANALYST,DB_FIN.SCHEMA_1.TBL_234,Engineering,2026-04-10,68
USR046,ANALYST,DB_PRO.SCHEMA_5.TBL_828,,2026-03-26,110
USR046,ANALYST,DB_OPE.SCHEMA_2.TBL_872,Marketing,2026-04-09,153
USR046,ANALYST,DB_PEO.SCHEMA_4.TBL_226,Design,2026-03-23,76
USR046,ANALYST,DB_OPE.SCHEMA_5.TBL_279,Operations,2026-04-03,94
USR046,ANALYST,DB_IT.SCHEMA_4.TBL_555,Marketing,2026-04-02,68
USR046,ANALYST,DB_PRO.SCHEMA_1.TBL_737,Engineering,2026-04-09,78
USR046,ANALYST,DB_LEG.SCHEMA_2.TBL_795,Product,2026-03-11,106
USR046,ANALYST,DB_PEO.SCHEMA_3.TBL_524,,2026-03-23,132
USR046,ANALYST,DB_MAR.SCHEMA_2.TBL_657,People,2026-04-10,152
USR046,ANALYST,DB_IT.SCHEMA_3.TBL_271,,2026-03-29,186
USR046,ANALYST,DB_SAL.SCHEMA_4.TBL_507,Finance,2026-03-20,38
USR046,ANALYST,DB_MAR.SCHEMA_4.TBL_933,Finance,2026-03-21,55
USR046,ANALYST,DB_SAL.SCHEMA_1.TBL_813,,2026-03-16,131
USR046,ANALYST,DB_MAR.SCHEMA_4.TBL_463,,2026-03-17,101
USR046,ANALYST,DB_LEG.SCHEMA_3.TBL_401,Operations,2026-03-29,59
USR046,ANALYST,DB_SAL.SCHEMA_1.TBL_584,,2026-03-11,160
USR046,ANALYST,DB_FIN.SCHEMA_4.TBL_367,Operations,2026-04-10,141
USR046,ANALYST,DB_SAL.SCHEMA_3.TBL_675,Operations,2026-03-11,18
USR046,ANALYST,DB_PEO.SCHEMA_5.TBL_796,Operations,2026-03-14,165
USR046,ANALYST,DB_MAR.SCHEMA_4.TBL_287,Finance,2026-04-01,138
USR046,ANALYST,DB_DES.SCHEMA_1.TBL_795,Design,2026-03-26,44
USR046,ANALYST,DB_PEO.SCHEMA_5.TBL_843,Finance,2026-03-14,166
USR047,VIEWER,DB_PRO.SCHEMA_5.TBL_828,,2026-04-02,7
USR047,VIEWER,DB_OPE.SCHEMA_5.TBL_371,Finance,2026-04-05,90
USR047,VIEWER,DB_DES.SCHEMA_3.TBL_681,Design,2026-04-10,109
USR047,VIEWER,DB_FIN.SCHEMA_1.TBL_275,Product,2026-03-31,165
USR047,VIEWER,DB_ENG.SCHEMA_4.TBL_711,Finance,2026-03-21,114
USR047,VIEWER,DB_FIN.SCHEMA_1.TBL_524,People,2026-04-08,42
USR047,VIEWER,DB_ENG.SCHEMA_1.TBL_609,,2026-04-01,51
USR048,DATA_STEWARD,DB_MAR.SCHEMA_4.TBL_933,Finance,2026-04-05,92
USR048,DATA_STEWARD,DB_IT.SCHEMA_5.TBL_474,Finance,2026-04-03,19
USR048,DATA_STEWARD,DB_PEO.SCHEMA_4.TBL_226,Design,2026-03-27,79
USR048,DATA_STEWARD,DB_MAR.SCHEMA_4.TBL_463,,2026-03-12,75
USR048,DATA_STEWARD,DB_ENG.SCHEMA_4.TBL_972,Operations,2026-03-31,126
USR048,DATA_STEWARD,DB_ENG.SCHEMA_5.TBL_772,Operations,2026-04-09,124
USR048,DATA_STEWARD,DB_OPE.SCHEMA_5.TBL_371,Finance,2026-03-18,90
USR048,DATA_STEWARD,DB_DES.SCHEMA_4.TBL_126,Engineering,2026-03-12,60
USR048,DATA_STEWARD,DB_IT.SCHEMA_3.TBL_271,,2026-04-05,30
USR048,DATA_STEWARD,DB_PRO.SCHEMA_1.TBL_291,Engineering,2026-03-27,200
USR048,DATA_STEWARD,DB_PEO.SCHEMA_5.TBL_796,Operations,2026-03-27,77
USR048,DATA_STEWARD,DB_LEG.SCHEMA_5.TBL_126,,2026-03-29,117
USR048,DATA_STEWARD,DB_DES.SCHEMA_1.TBL_795,Design,2026-04-06,75
USR048,DATA_STEWARD,DB_LEG.SCHEMA_2.TBL_795,Product,2026-03-13,99
USR048,DATA_STEWARD,DB_DES.SCHEMA_4.TBL_314,Marketing,2026-03-18,46
USR048,DATA_STEWARD,DB_DES.SCHEMA_3.TBL_681,Design,2026-03-16,134
USR048,DATA_STEWARD,DB_SAL.SCHEMA_4.TBL_433,,2026-03-21,90
USR048,DATA_STEWARD,DB_ENG.SCHEMA_1.TBL_609,,2026-03-24,57
USR049,DATA_STEWARD,DB_FIN.SCHEMA_1.TBL_234,Engineering,2026-03-30,4
USR049,DATA_STEWARD,DB_MAR.SCHEMA_4.TBL_933,Finance,2026-03-22,164
USR049,DATA_STEWARD,DB_MAR.SCHEMA_4.TBL_463,,2026-03-27,22
USR049,DATA_STEWARD,DB_IT.SCHEMA_5.TBL_474,Finance,2026-03-19,117
USR049,DATA_STEWARD,DB_ENG.SCHEMA_1.TBL_930,Marketing,2026-04-07,160
USR049,DATA_STEWARD,DB_FIN.SCHEMA_4.TBL_367,Operations,2026-03-29,107
USR049,DATA_STEWARD,DB_DES.SCHEMA_4.TBL_126,Engineering,2026-04-01,13
USR049,DATA_STEWARD,DB_SAL.SCHEMA_4.TBL_433,,2026-04-02,85
USR049,DATA_STEWARD,DB_PEO.SCHEMA_3.TBL_524,,2026-03-23,35
USR049,DATA_STEWARD,DB_PEO.SCHEMA_5.TBL_843,Finance,2026-03-18,55
USR049,DATA_STEWARD,DB_OPE.SCHEMA_2.TBL_872,Marketing,2026-03-12,151
USR049,DATA_STEWARD,DB_PRO.SCHEMA_5.TBL_828,,2026-03-19,117
USR049,DATA_STEWARD,DB_PEO.SCHEMA_5.TBL_278,Product,2026-03-29,189
USR049,DATA_STEWARD,DB_PEO.SCHEMA_5.TBL_796,Operations,2026-04-09,181
USR049,DATA_STEWARD,DB_PEO.SCHEMA_4.TBL_226,Design,2026-04-10,115
USR049,DATA_STEWARD,DB_IT.SCHEMA_3.TBL_271,,2026-03-23,131
USR049,DATA_STEWARD,DB_ENG.SCHEMA_5.TBL_772,Operations,2026-03-27,86
USR049,DATA_STEWARD,DB_LEG.SCHEMA_5.TBL_126,,2026-04-03,68
USR049,DATA_STEWARD,DB_ENG.SCHEMA_4.TBL_711,Finance,2026-03-17,66
USR049,DATA_STEWARD,DB_DES.SCHEMA_5.TBL_368,Operations,2026-04-05,164
USR049,DATA_STEWARD,DB_SAL.SCHEMA_1.TBL_584,,2026-03-23,70
USR049,DATA_STEWARD,DB_FIN.SCHEMA_1.TBL_524,People,2026-03-21,129
USR049,DATA_STEWARD,DB_ENG.SCHEMA_1.TBL_609,,2026-03-15,156
USR049,DATA_STEWARD,DB_DES.SCHEMA_4.TBL_314,Marketing,2026-03-21,66
USR049,DATA_STEWARD,DB_OPE.SCHEMA_2.TBL_789,,2026-03-23,52
USR049,DATA_STEWARD,DB_IT.SCHEMA_4.TBL_555,Marketing,2026-04-10,122
USR049,DATA_STEWARD,DB_DES.SCHEMA_1.TBL_795,Design,2026-03-17,63
USR050,HR_READER,DB_ENG.SCHEMA_1.TBL_930,Marketing,2026-03-23,170
USR050,HR_READER,DB_ENG.SCHEMA_1.TBL_609,,2026-03-23,38
USR050,HR_READER,DB_FIN.SCHEMA_1.TBL_234,Engineering,2026-03-18,72
USR050,HR_READER,DB_DES.SCHEMA_3.TBL_681,Design,2026-03-31,45
USR050,HR_READER,DB_DES.SCHEMA_4.TBL_126,Engineering,2026-03-22,63
USR050,HR_READER,DB_LEG.SCHEMA_2.TBL_795,Product,2026-04-03,165
USR050,HR_READER,DB_MAR.SCHEMA_2.TBL_657,People,2026-04-06,11
USR050,HR_READER,DB_PEO.SCHEMA_5.TBL_796,Operations,2026-03-14,32
USR051,HR_READER,DB_OPE.SCHEMA_2.TBL_789,,2026-03-23,89
USR051,HR_READER,DB_IT.SCHEMA_4.TBL_884,,2026-03-24,106
USR051,HR_READER,DB_PEO.SCHEMA_5.TBL_843,Finance,2026-03-31,60
USR051,HR_READER,DB_PRO.SCHEMA_1.TBL_291,Engineering,2026-03-25,11
USR051,HR_READER,DB_LEG.SCHEMA_3.TBL_401,Operations,2026-03-26,9
USR051,HR_READER,DB_ENG.SCHEMA_1.TBL_930,Marketing,2026-03-31,66
USR051,HR_READER,DB_IT.SCHEMA_3.TBL_271,,2026-04-04,176
USR051,HR_READER,DB_PEO.SCHEMA_5.TBL_796,Operations,2026-03-18,163
USR051,HR_READER,DB_DES.SCHEMA_5.TBL_368,Operations,2026-04-01,121
USR051,HR_READER,DB_PEO.SCHEMA_5.TBL_278,Product,2026-03-17,195
USR051,HR_READER,DB_DES.SCHEMA_3.TBL_681,Design,2026-04-09,116
USR051,HR_READER,DB_SAL.SCHEMA_1.TBL_584,,2026-04-02,94
USR051,HR_READER,DB_DES.SCHEMA_1.TBL_795,Design,2026-03-13,65
USR051,HR_READER,DB_ENG.SCHEMA_4.TBL_972,Operations,2026-03-18,95
USR051,HR_READER,DB_OPE.SCHEMA_2.TBL_872,Marketing,2026-04-10,61
USR051,HR_READER,DB_OPE.SCHEMA_5.TBL_279,Operations,2026-04-07,82
USR051,HR_READER,DB_IT.SCHEMA_5.TBL_474,Finance,2026-03-22,189
USR051,HR_READER,DB_PRO.SCHEMA_1.TBL_737,Engineering,2026-03-19,109
USR051,HR_READER,DB_DES.SCHEMA_4.TBL_314,Marketing,2026-04-03,42
USR051,HR_READER,DB_PRO.SCHEMA_5.TBL_828,,2026-03-15,39
USR051,HR_READER,DB_PEO.SCHEMA_3.TBL_524,,2026-04-01,137
USR052,DATA_STEWARD,DB_DES.SCHEMA_4.TBL_314,Marketing,2026-03-12,14
USR052,DATA_STEWARD,DB_LEG.SCHEMA_4.TBL_543,Engineering,2026-03-20,130
USR052,DATA_STEWARD,DB_MAR.SCHEMA_2.TBL_657,People,2026-03-30,102
USR052,DATA_STEWARD,DB_MAR.SCHEMA_4.TBL_287,Finance,2026-03-21,111
USR052,DATA_STEWARD,DB_SAL.SCHEMA_4.TBL_507,Finance,2026-03-11,141
USR052,DATA_STEWARD,DB_ENG.SCHEMA_1.TBL_609,,2026-03-19,98
USR052,DATA_STEWARD,DB_ENG.SCHEMA_4.TBL_972,Operations,2026-03-29,94
USR052,DATA_STEWARD,DB_PRO.SCHEMA_1.TBL_566,,2026-03-19,171
USR052,DATA_STEWARD,DB_OPE.SCHEMA_2.TBL_872,Marketing,2026-03-19,152
USR052,DATA_STEWARD,DB_DES.SCHEMA_1.TBL_795,Design,2026-04-07,80
USR052,DATA_STEWARD,DB_PRO.SCHEMA_5.TBL_828,,2026-04-08,96
USR052,DATA_STEWARD,DB_ENG.SCHEMA_1.TBL_930,Marketing,2026-04-03,179
USR052,DATA_STEWARD,DB_IT.SCHEMA_5.TBL_474,Finance,2026-04-08,144
USR052,DATA_STEWARD,DB_PEO.SCHEMA_5.TBL_843,Finance,2026-04-06,119
USR052,DATA_STEWARD,DB_PEO.SCHEMA_3.TBL_524,,2026-04-10,118
USR052,DATA_STEWARD,DB_DES.SCHEMA_4.TBL_126,Engineering,2026-03-22,94
USR052,DATA_STEWARD,DB_PEO.SCHEMA_5.TBL_796,Operations,2026-03-24,195
USR052,DATA_STEWARD,DB_FIN.SCHEMA_1.TBL_234,Engineering,2026-03-13,41
USR052,DATA_STEWARD,DB_SAL.SCHEMA_3.TBL_675,Operations,2026-03-18,74
USR052,DATA_STEWARD,DB_LEG.SCHEMA_2.TBL_795,Product,2026-03-11,11
USR052,DATA_STEWARD,DB_IT.SCHEMA_4.TBL_555,Marketing,2026-03-13,193
USR052,DATA_STEWARD,DB_FIN.SCHEMA_4.TBL_367,Operations,2026-04-02,83
USR052,DATA_STEWARD,DB_DES.SCHEMA_5.TBL_368,Operations,2026-03-15,45
USR052,DATA_STEWARD,DB_PRO.SCHEMA_1.TBL_737,Engineering,2026-03-30,6
USR052,DATA_STEWARD,DB_MAR.SCHEMA_4.TBL_933,Finance,2026-04-08,75
USR052,DATA_STEWARD,DB_OPE.SCHEMA_5.TBL_305,,2026-03-11,161
USR052,DATA_STEWARD,DB_MAR.SCHEMA_1.TBL_405,,2026-03-13,91
USR052,DATA_STEWARD,DB_IT.SCHEMA_4.TBL_884,,2026-03-11,123
USR052,DATA_STEWARD,DB_MAR.SCHEMA_4.TBL_463,,2026-03-24,42
USR053,ANALYST,DB_DES.SCHEMA_4.TBL_314,Marketing,2026-03-20,21
USR053,ANALYST,DB_LEG.SCHEMA_2.TBL_795,Product,2026-04-01,153
USR053,ANALYST,DB_FIN.SCHEMA_1.TBL_524,People,2026-03-28,167
USR053,ANALYST,DB_ENG.SCHEMA_4.TBL_711,Finance,2026-03-22,118
USR053,ANALYST,DB_PEO.SCHEMA_5.TBL_796,Operations,2026-03-25,186
USR053,ANALYST,DB_PEO.SCHEMA_3.TBL_524,,2026-03-27,121
USR053,ANALYST,DB_DES.SCHEMA_4.TBL_126,Engineering,2026-03-17,73
USR053,ANALYST,DB_MAR.SCHEMA_2.TBL_657,People,2026-03-14,171
USR053,ANALYST,DB_PEO.SCHEMA_5.TBL_278,Product,2026-04-02,61
USR053,ANALYST,DB_FIN.SCHEMA_4.TBL_367,Operations,2026-04-10,114
USR053,ANALYST,DB_ENG.SCHEMA_1.TBL_609,,2026-03-15,53
USR053,ANALYST,DB_PRO.SCHEMA_1.TBL_291,Engineering,2026-03-12,183
USR053,ANALYST,DB_LEG.SCHEMA_4.TBL_543,Engineering,2026-04-02,116
USR053,ANALYST,DB_FIN.SCHEMA_1.TBL_234,Engineering,2026-03-18,80
USR053,ANALYST,DB_LEG.SCHEMA_2.TBL_274,,2026-03-26,25
USR053,ANALYST,DB_IT.SCHEMA_4.TBL_884,,2026-03-31,54
USR053,ANALYST,DB_OPE.SCHEMA_5.TBL_371,Finance,2026-03-23,188
USR053,ANALYST,DB_DES.SCHEMA_3.TBL_681,Design,2026-03-13,128
USR053,ANALYST,DB_IT.SCHEMA_3.TBL_689,Marketing,2026-03-25,119
USR054,DATA_STEWARD,DB_PRO.SCHEMA_5.TBL_828,,2026-03-21,136
USR054,DATA_STEWARD,DB_OPE.SCHEMA_2.TBL_872,Marketing,2026-03-21,63
USR054,DATA_STEWARD,DB_OPE.SCHEMA_5.TBL_279,Operations,2026-04-05,81
USR054,DATA_STEWARD,DB_PRO.SCHEMA_1.TBL_291,Engineering,2026-03-21,162
USR054,DATA_STEWARD,DB_SAL.SCHEMA_3.TBL_675,Operations,2026-04-03,158
USR054,DATA_STEWARD,DB_FIN.SCHEMA_5.TBL_756,People,2026-03-29,87
USR054,DATA_STEWARD,DB_IT.SCHEMA_4.TBL_555,Marketing,2026-03-14,80
USR054,DATA_STEWARD,DB_DES.SCHEMA_4.TBL_314,Marketing,2026-03-19,26
USR054,DATA_STEWARD,DB_FIN.SCHEMA_1.TBL_524,People,2026-03-20,63
USR055,DATA_STEWARD,DB_ENG.SCHEMA_4.TBL_972,Operations,2026-04-03,8
USR055,DATA_STEWARD,DB_LEG.SCHEMA_3.TBL_401,Operations,2026-03-24,67
USR055,DATA_STEWARD,DB_LEG.SCHEMA_5.TBL_126,,2026-03-31,30
USR055,DATA_STEWARD,DB_PRO.SCHEMA_1.TBL_737,Engineering,2026-04-09,76
USR055,DATA_STEWARD,DB_OPE.SCHEMA_2.TBL_872,Marketing,2026-03-20,188
USR055,DATA_STEWARD,DB_PEO.SCHEMA_5.TBL_278,Product,2026-03-15,92
USR055,DATA_STEWARD,DB_DES.SCHEMA_1.TBL_795,Design,2026-04-03,176
USR055,DATA_STEWARD,DB_DES.SCHEMA_5.TBL_368,Operations,2026-03-12,145
USR055,DATA_STEWARD,DB_ENG.SCHEMA_1.TBL_930,Marketing,2026-04-07,173
USR055,DATA_STEWARD,DB_OPE.SCHEMA_5.TBL_371,Finance,2026-03-23,148
USR055,DATA_STEWARD,DB_OPE.SCHEMA_5.TBL_279,Operations,2026-03-17,63
USR055,DATA_STEWARD,DB_IT.SCHEMA_4.TBL_555,Marketing,2026-04-04,127
USR055,DATA_STEWARD,DB_DES.SCHEMA_3.TBL_681,Design,2026-03-21,179
USR055,DATA_STEWARD,DB_MAR.SCHEMA_4.TBL_287,Finance,2026-03-26,146
USR056,ENGINEER,DB_ENG.SCHEMA_4.TBL_972,Operations,2026-03-31,46
USR056,ENGINEER,DB_PEO.SCHEMA_5.TBL_796,Operations,2026-04-09,154
USR056,ENGINEER,DB_SAL.SCHEMA_1.TBL_813,,2026-03-23,88
USR056,ENGINEER,DB_SAL.SCHEMA_1.TBL_584,,2026-03-18,123
USR056,ENGINEER,DB_ENG.SCHEMA_4.TBL_711,Finance,2026-03-12,65
USR056,ENGINEER,DB_OPE.SCHEMA_2.TBL_789,,2026-03-26,105
USR056,ENGINEER,DB_OPE.SCHEMA_5.TBL_371,Finance,2026-04-03,128
USR056,ENGINEER,DB_ENG.SCHEMA_1.TBL_930,Marketing,2026-04-08,15
USR056,ENGINEER,DB_MAR.SCHEMA_4.TBL_933,Finance,2026-03-30,141
USR056,ENGINEER,DB_FIN.SCHEMA_1.TBL_275,Product,2026-03-22,101
USR056,ENGINEER,DB_PRO.SCHEMA_5.TBL_828,,2026-03-28,60
USR056,ENGINEER,DB_SAL.SCHEMA_4.TBL_433,,2026-04-09,80
USR056,ENGINEER,DB_IT.SCHEMA_3.TBL_271,,2026-03-12,90
USR056,ENGINEER,DB_LEG.SCHEMA_3.TBL_401,Operations,2026-03-14,134
USR056,ENGINEER,DB_PRO.SCHEMA_4.TBL_713,People,2026-03-18,70
USR056,ENGINEER,DB_LEG.SCHEMA_2.TBL_795,Product,2026-03-20,7
USR056,ENGINEER,DB_DES.SCHEMA_3.TBL_681,Design,2026-03-16,117
USR056,ENGINEER,DB_IT.SCHEMA_5.TBL_474,Finance,2026-03-22,92
USR056,ENGINEER,DB_DES.SCHEMA_5.TBL_368,Operations,2026-03-19,162
USR056,ENGINEER,DB_MAR.SCHEMA_1.TBL_405,,2026-03-26,173
USR056,ENGINEER,DB_PRO.SCHEMA_1.TBL_291,Engineering,2026-03-12,31
USR056,ENGINEER,DB_PRO.SCHEMA_1.TBL_737,Engineering,2026-04-09,70
USR057,ENGINEER,DB_PRO.SCHEMA_1.TBL_291,Engineering,2026-03-24,147
USR057,ENGINEER,DB_SAL.SCHEMA_4.TBL_433,,2026-03-18,97
USR057,ENGINEER,DB_ENG.SCHEMA_4.TBL_711,Finance,2026-03-28,57
USR057,ENGINEER,DB_LEG.SCHEMA_5.TBL_126,,2026-03-20,9
USR057,ENGINEER,DB_IT.SCHEMA_4.TBL_884,,2026-03-15,26
USR057,ENGINEER,DB_FIN.SCHEMA_1.TBL_275,Product,2026-03-14,7
USR058,FINANCE_READER,DB_SAL.SCHEMA_1.TBL_584,,2026-03-23,6
USR058,FINANCE_READER,DB_LEG.SCHEMA_4.TBL_543,Engineering,2026-03-23,92
USR058,FINANCE_READER,DB_PRO.SCHEMA_5.TBL_828,,2026-03-17,78
USR058,FINANCE_READER,DB_OPE.SCHEMA_2.TBL_789,,2026-03-31,148
USR058,FINANCE_READER,DB_ENG.SCHEMA_1.TBL_609,,2026-03-17,5
USR058,FINANCE_READER,DB_IT.SCHEMA_4.TBL_884,,2026-03-30,108
USR058,FINANCE_READER,DB_IT.SCHEMA_3.TBL_271,,2026-03-24,111
USR058,FINANCE_READER,DB_IT.SCHEMA_4.TBL_555,Marketing,2026-04-09,50
USR058,FINANCE_READER,DB_LEG.SCHEMA_3.TBL_401,Operations,2026-03-20,154
USR059,FINANCE_READER,DB_MAR.SCHEMA_4.TBL_463,,2026-04-03,82
USR059,FINANCE_READER,DB_SAL.SCHEMA_4.TBL_507,Finance,2026-03-26,115
USR059,FINANCE_READER,DB_ENG.SCHEMA_4.TBL_972,Operations,2026-04-10,48
USR059,FINANCE_READER,DB_SAL.SCHEMA_3.TBL_675,Operations,2026-04-07,184
USR060,VIEWER,DB_ENG.SCHEMA_1.TBL_609,,2026-04-01,10
USR060,VIEWER,DB_LEG.SCHEMA_2.TBL_274,,2026-03-17,138
USR060,VIEWER,DB_SAL.SCHEMA_1.TBL_584,,2026-03-26,120
USR060,VIEWER,DB_SAL.SCHEMA_4.TBL_433,,2026-03-17,186
USR060,VIEWER,DB_IT.SCHEMA_4.TBL_884,,2026-04-10,140
USR060,VIEWER,DB_LEG.SCHEMA_3.TBL_401,Operations,2026-03-11,8
USR060,VIEWER,DB_FIN.SCHEMA_1.TBL_275,Product,2026-04-10,114
USR060,VIEWER,DB_MAR.SCHEMA_4.TBL_463,,2026-04-03,127
USR060,VIEWER,DB_FIN.SCHEMA_4.TBL_367,Operations,2026-04-05,143
USR060,VIEWER,DB_FIN.SCHEMA_1.TBL_234,Engineering,2026-03-30,200
USR060,VIEWER,DB_IT.SCHEMA_4.TBL_555,Marketing,2026-04-06,132
USR060,VIEWER,DB_PEO.SCHEMA_5.TBL_843,Finance,2026-03-14,146
USR060,VIEWER,DB_FIN.SCHEMA_5.TBL_756,People,2026-04-02,103
USR060,VIEWER,DB_ENG.SCHEMA_5.TBL_772,Operations,2026-03-28,198
USR060,VIEWER,DB_PEO.SCHEMA_3.TBL_524,,2026-04-09,115
USR060,VIEWER,DB_PRO.SCHEMA_5.TBL_828,,2026-04-09,2
USR060,VIEWER,DB_DES.SCHEMA_4.TBL_126,Engineering,2026-04-02,106
USR060,VIEWER,DB_PEO.SCHEMA_4.TBL_226,Design,2026-04-07,98
USR060,VIEWER,DB_OPE.SCHEMA_5.TBL_279,Operations,2026-04-10,110
USR061,ANALYST,DB_IT.SCHEMA_5.TBL_474,Finance,2026-03-15,75
USR061,ANALYST,DB_OPE.SCHEMA_5.TBL_279,Operations,2026-03-30,191
USR061,ANALYST,DB_LEG.SCHEMA_4.TBL_543,Engineering,2026-03-12,27
USR061,ANALYST,DB_FIN.SCHEMA_1.TBL_275,Product,2026-04-07,68
USR061,ANALYST,DB_DES.SCHEMA_3.TBL_681,Design,2026-03-12,92
USR061,ANALYST,DB_PEO.SCHEMA_5.TBL_843,Finance,2026-03-20,51
USR061,ANALYST,DB_MAR.SCHEMA_4.TBL_933,Finance,2026-03-30,58
USR061,ANALYST,DB_SAL.SCHEMA_1.TBL_813,,2026-03-19,96
USR061,ANALYST,DB_ENG.SCHEMA_1.TBL_609,,2026-04-10,159
USR061,ANALYST,DB_PRO.SCHEMA_4.TBL_713,People,2026-03-27,153
USR061,ANALYST,DB_OPE.SCHEMA_5.TBL_371,Finance,2026-03-27,67
USR061,ANALYST,DB_FIN.SCHEMA_5.TBL_756,People,2026-03-26,168
USR061,ANALYST,DB_FIN.SCHEMA_1.TBL_234,Engineering,2026-03-18,131
USR061,ANALYST,DB_PRO.SCHEMA_1.TBL_566,,2026-04-08,72
USR061,ANALYST,DB_ENG.SCHEMA_5.TBL_772,Operations,2026-03-18,151
USR061,ANALYST,DB_FIN.SCHEMA_4.TBL_367,Operations,2026-03-21,54
USR061,ANALYST,DB_OPE.SCHEMA_2.TBL_872,Marketing,2026-04-07,124
USR062,ANALYST,DB_SAL.SCHEMA_3.TBL_675,Operations,2026-04-04,59
USR062,ANALYST,DB_DES.SCHEMA_3.TBL_681,Design,2026-04-01,94
USR062,ANALYST,DB_OPE.SCHEMA_2.TBL_789,,2026-03-27,72
USR062,ANALYST,DB_ENG.SCHEMA_1.TBL_930,Marketing,2026-03-29,105
USR062,ANALYST,DB_PEO.SCHEMA_5.TBL_843,Finance,2026-03-15,4
USR062,ANALYST,DB_SAL.SCHEMA_4.TBL_433,,2026-03-12,52
USR063,ADMIN,DB_FIN.SCHEMA_1.TBL_234,Engineering,2026-03-15,97
USR063,ADMIN,DB_ENG.SCHEMA_1.TBL_609,,2026-04-01,137
USR063,ADMIN,DB_FIN.SCHEMA_1.TBL_524,People,2026-04-10,102
USR063,ADMIN,DB_ENG.SCHEMA_1.TBL_930,Marketing,2026-03-12,28
USR063,ADMIN,DB_PEO.SCHEMA_4.TBL_226,Design,2026-03-26,58
USR063,ADMIN,DB_PRO.SCHEMA_4.TBL_713,People,2026-03-27,90
USR064,ADMIN,DB_IT.SCHEMA_3.TBL_271,,2026-04-07,173
USR064,ADMIN,DB_SAL.SCHEMA_3.TBL_675,Operations,2026-04-09,96
USR064,ADMIN,DB_DES.SCHEMA_1.TBL_795,Design,2026-04-09,23
USR064,ADMIN,DB_SAL.SCHEMA_1.TBL_584,,2026-03-20,40
USR064,ADMIN,DB_ENG.SCHEMA_4.TBL_972,Operations,2026-03-23,107
USR064,ADMIN,DB_DES.SCHEMA_3.TBL_681,Design,2026-03-15,75
USR064,ADMIN,DB_PEO.SCHEMA_5.TBL_796,Operations,2026-03-20,58
USR064,ADMIN,DB_IT.SCHEMA_4.TBL_884,,2026-03-24,126
USR064,ADMIN,DB_OPE.SCHEMA_5.TBL_371,Finance,2026-03-26,195
USR064,ADMIN,DB_PEO.SCHEMA_5.TBL_843,Finance,2026-04-02,0
USR064,ADMIN,DB_MAR.SCHEMA_2.TBL_657,People,2026-04-06,65
USR065,DATA_STEWARD,DB_DES.SCHEMA_4.TBL_126,Engineering,2026-03-22,38
USR065,DATA_STEWARD,DB_IT.SCHEMA_3.TBL_271,,2026-03-26,86
USR065,DATA_STEWARD,DB_PEO.SCHEMA_5.TBL_843,Finance,2026-04-03,54
USR065,DATA_STEWARD,DB_DES.SCHEMA_5.TBL_368,Operations,2026-03-13,113
USR065,DATA_STEWARD,DB_ENG.SCHEMA_4.TBL_711,Finance,2026-03-26,193
USR065,DATA_STEWARD,DB_OPE.SCHEMA_5.TBL_279,Operations,2026-03-29,17
USR065,DATA_STEWARD,DB_ENG.SCHEMA_1.TBL_609,,2026-03-11,92
USR065,DATA_STEWARD,DB_ENG.SCHEMA_4.TBL_972,Operations,2026-04-04,59
USR065,DATA_STEWARD,DB_IT.SCHEMA_4.TBL_884,,2026-03-25,44
USR065,DATA_STEWARD,DB_FIN.SCHEMA_4.TBL_367,Operations,2026-03-22,104
USR065,DATA_STEWARD,DB_MAR.SCHEMA_4.TBL_287,Finance,2026-03-22,98
USR065,DATA_STEWARD,DB_LEG.SCHEMA_2.TBL_795,Product,2026-03-18,53
USR065,DATA_STEWARD,DB_PEO.SCHEMA_5.TBL_796,Operations,2026-03-26,50
USR065,DATA_STEWARD,DB_FIN.SCHEMA_1.TBL_275,Product,2026-04-10,65
USR065,DATA_STEWARD,DB_SAL.SCHEMA_1.TBL_813,,2026-03-17,78
USR065,DATA_STEWARD,DB_OPE.SCHEMA_5.TBL_305,,2026-03-28,141
USR065,DATA_STEWARD,DB_LEG.SCHEMA_2.TBL_274,,2026-03-30,18
USR065,DATA_STEWARD,DB_SAL.SCHEMA_1.TBL_584,,2026-03-30,15
USR065,DATA_STEWARD,DB_PRO.SCHEMA_1.TBL_566,,2026-03-11,194
USR065,DATA_STEWARD,DB_PEO.SCHEMA_5.TBL_278,Product,2026-04-06,192
USR065,DATA_STEWARD,DB_ENG.SCHEMA_5.TBL_772,Operations,2026-03-11,6
USR066,ANALYST,DB_LEG.SCHEMA_2.TBL_274,,2026-03-25,96
USR066,ANALYST,DB_FIN.SCHEMA_4.TBL_367,Operations,2026-04-05,7
USR066,ANALYST,DB_ENG.SCHEMA_4.TBL_711,Finance,2026-03-23,101
USR066,ANALYST,DB_ENG.SCHEMA_5.TBL_772,Operations,2026-04-08,34
USR066,ANALYST,DB_PEO.SCHEMA_5.TBL_278,Product,2026-03-22,171
USR066,ANALYST,DB_MAR.SCHEMA_1.TBL_405,,2026-03-29,94
USR067,VIEWER,DB_OPE.SCHEMA_5.TBL_305,,2026-04-03,73
USR067,VIEWER,DB_OPE.SCHEMA_5.TBL_371,Finance,2026-04-07,121
USR067,VIEWER,DB_DES.SCHEMA_4.TBL_126,Engineering,2026-03-28,185
USR067,VIEWER,DB_LEG.SCHEMA_3.TBL_401,Operations,2026-03-29,171
USR067,VIEWER,DB_LEG.SCHEMA_4.TBL_543,Engineering,2026-03-13,51
USR067,VIEWER,DB_PEO.SCHEMA_4.TBL_226,Design,2026-03-24,122
USR067,VIEWER,DB_PEO.SCHEMA_5.TBL_796,Operations,2026-03-14,111
USR067,VIEWER,DB_PEO.SCHEMA_5.TBL_278,Product,2026-03-13,161
USR067,VIEWER,DB_OPE.SCHEMA_5.TBL_279,Operations,2026-03-24,134
USR067,VIEWER,DB_DES.SCHEMA_4.TBL_314,Marketing,2026-03-20,194
USR067,VIEWER,DB_IT.SCHEMA_3.TBL_689,Marketing,2026-03-29,171
USR067,VIEWER,DB_DES.SCHEMA_3.TBL_681,Design,2026-04-07,128
USR067,VIEWER,DB_FIN.SCHEMA_4.TBL_367,Operations,2026-03-31,191
USR067,VIEWER,DB_PEO.SCHEMA_5.TBL_843,Finance,2026-04-08,145
USR067,VIEWER,DB_DES.SCHEMA_5.TBL_368,Operations,2026-03-30,164
USR067,VIEWER,DB_PRO.SCHEMA_1.TBL_291,Engineering,2026-03-13,162
USR067,VIEWER,DB_OPE.SCHEMA_2.TBL_872,Marketing,2026-03-15,98
USR067,VIEWER,DB_LEG.SCHEMA_2.TBL_274,,2026-04-07,60
USR067,VIEWER,DB_PEO.SCHEMA_3.TBL_524,,2026-04-02,135
USR067,VIEWER,DB_ENG.SCHEMA_1.TBL_609,,2026-04-02,32
USR067,VIEWER,DB_SAL.SCHEMA_1.TBL_584,,2026-03-25,152
USR067,VIEWER,DB_IT.SCHEMA_4.TBL_884,,2026-03-20,22
USR067,VIEWER,DB_IT.SCHEMA_5.TBL_474,Finance,2026-03-20,89
USR067,VIEWER,DB_ENG.SCHEMA_4.TBL_711,Finance,2026-03-31,88
USR067,VIEWER,DB_SAL.SCHEMA_4.TBL_433,,2026-03-11,151
USR068,ANALYST,DB_LEG.SCHEMA_5.TBL_126,,2026-03-22,191
USR068,ANALYST,DB_DES.SCHEMA_1.TBL_795,Design,2026-03-15,127
USR068,ANALYST,DB_FIN.SCHEMA_5.TBL_756,People,2026-03-12,74
USR068,ANALYST,DB_FIN.SCHEMA_1.TBL_275,Product,2026-03-30,114
USR068,ANALYST,DB_ENG.SCHEMA_1.TBL_609,,2026-03-31,170
USR068,ANALYST,DB_PRO.SCHEMA_4.TBL_713,People,2026-03-18,71
USR068,ANALYST,DB_OPE.SCHEMA_2.TBL_789,,2026-03-20,78
USR068,ANALYST,DB_OPE.SCHEMA_5.TBL_305,,2026-04-10,99
USR068,ANALYST,DB_DES.SCHEMA_4.TBL_314,Marketing,2026-04-08,53
USR068,ANALYST,DB_FIN.SCHEMA_1.TBL_234,Engineering,2026-04-05,168
USR068,ANALYST,DB_OPE.SCHEMA_5.TBL_279,Operations,2026-03-20,98
USR068,ANALYST,DB_FIN.SCHEMA_1.TBL_524,People,2026-03-19,123
USR068,ANALYST,DB_LEG.SCHEMA_2.TBL_795,Product,2026-03-19,145
USR068,ANALYST,DB_IT.SCHEMA_3.TBL_271,,2026-03-24,86
USR068,ANALYST,DB_OPE.SCHEMA_5.TBL_371,Finance,2026-03-29,31
USR069,HR_READER,DB_PEO.SCHEMA_5.TBL_796,Operations,2026-04-07,160
USR069,HR_READER,DB_PEO.SCHEMA_5.TBL_843,Finance,2026-03-27,23
USR069,HR_READER,DB_ENG.SCHEMA_1.TBL_930,Marketing,2026-03-22,193
USR069,HR_READER,DB_ENG.SCHEMA_5.TBL_772,Operations,2026-03-29,90
USR069,HR_READER,DB_SAL.SCHEMA_3.TBL_675,Operations,2026-04-10,138
USR069,HR_READER,DB_PEO.SCHEMA_5.TBL_278,Product,2026-03-28,18
USR069,HR_READER,DB_FIN.SCHEMA_1.TBL_524,People,2026-03-16,50
USR069,HR_READER,DB_DES.SCHEMA_3.TBL_681,Design,2026-03-24,186
USR070,ANALYST,DB_OPE.SCHEMA_2.TBL_789,,2026-03-21,184
USR070,ANALYST,DB_MAR.SCHEMA_4.TBL_463,,2026-03-19,147
USR070,ANALYST,DB_SAL.SCHEMA_4.TBL_507,Finance,2026-04-01,73
USR070,ANALYST,DB_ENG.SCHEMA_1.TBL_609,,2026-03-22,115
USR070,ANALYST,DB_OPE.SCHEMA_5.TBL_279,Operations,2026-03-11,53
USR070,ANALYST,DB_IT.SCHEMA_5.TBL_474,Finance,2026-03-13,120
USR070,ANALYST,DB_PRO.SCHEMA_1.TBL_737,Engineering,2026-03-23,139
USR070,ANALYST,DB_FIN.SCHEMA_4.TBL_367,Operations,2026-04-01,26
USR070,ANALYST,DB_FIN.SCHEMA_1.TBL_234,Engineering,2026-03-12,22
USR070,ANALYST,DB_PEO.SCHEMA_3.TBL_524,,2026-04-04,167
USR070,ANALYST,DB_LEG.SCHEMA_5.TBL_126,,2026-03-17,40
USR070,ANALYST,DB_SAL.SCHEMA_3.TBL_675,Operations,2026-03-19,120
USR070,ANALYST,DB_PEO.SCHEMA_5.TBL_796,Operations,2026-03-12,123
USR070,ANALYST,DB_ENG.SCHEMA_5.TBL_772,Operations,2026-03-17,14
USR070,ANALYST,DB_PRO.SCHEMA_1.TBL_566,,2026-03-27,25
USR070,ANALYST,DB_SAL.SCHEMA_4.TBL_433,,2026-03-20,20
USR070,ANALYST,DB_FIN.SCHEMA_1.TBL_524,People,2026-03-19,46
USR070,ANALYST,DB_IT.SCHEMA_3.TBL_271,,2026-04-10,57
USR071,ENGINEER,DB_SAL.SCHEMA_1.TBL_584,,2026-03-24,86
USR071,ENGINEER,DB_MAR.SCHEMA_1.TBL_405,,2026-04-02,67
USR071,ENGINEER,DB_LEG.SCHEMA_2.TBL_795,Product,2026-04-06,129
USR071,ENGINEER,DB_DES.SCHEMA_4.TBL_314,Marketing,2026-03-25,100
USR071,ENGINEER,DB_SAL.SCHEMA_4.TBL_433,,2026-03-22,114
USR071,ENGINEER,DB_IT.SCHEMA_4.TBL_555,Marketing,2026-03-27,23
USR071,ENGINEER,DB_DES.SCHEMA_5.TBL_368,Operations,2026-04-10,95
USR071,ENGINEER,DB_SAL.SCHEMA_3.TBL_675,Operations,2026-04-03,144
USR071,ENGINEER,DB_IT.SCHEMA_3.TBL_689,Marketing,2026-03-13,107
USR071,ENGINEER,DB_PEO.SCHEMA_4.TBL_226,Design,2026-03-23,200
USR071,ENGINEER,DB_DES.SCHEMA_1.TBL_795,Design,2026-03-22,85
USR071,ENGINEER,DB_FIN.SCHEMA_1.TBL_234,Engineering,2026-03-31,172
USR071,ENGINEER,DB_FIN.SCHEMA_1.TBL_275,Product,2026-04-09,23
USR071,ENGINEER,DB_ENG.SCHEMA_1.TBL_930,Marketing,2026-04-05,112
USR071,ENGINEER,DB_ENG.SCHEMA_5.TBL_772,Operations,2026-03-15,200
USR072,HR_READER,DB_SAL.SCHEMA_4.TBL_507,Finance,2026-04-10,25
USR072,HR_READER,DB_LEG.SCHEMA_2.TBL_274,,2026-03-29,103
USR072,HR_READER,DB_PEO.SCHEMA_3.TBL_524,,2026-04-02,81
USR072,HR_READER,DB_ENG.SCHEMA_5.TBL_772,Operations,2026-03-13,98
USR072,HR_READER,DB_FIN.SCHEMA_5.TBL_756,People,2026-03-20,74
USR072,HR_READER,DB_MAR.SCHEMA_4.TBL_933,Finance,2026-04-08,25
USR072,HR_READER,DB_ENG.SCHEMA_4.TBL_972,Operations,2026-03-28,169
USR072,HR_READER,DB_PEO.SCHEMA_4.TBL_226,Design,2026-03-11,200
USR072,HR_READER,DB_OPE.SCHEMA_5.TBL_305,,2026-03-21,68
USR072,HR_READER,DB_PEO.SCHEMA_5.TBL_843,Finance,2026-04-07,2
USR072,HR_READER,DB_LEG.SCHEMA_4.TBL_543,Engineering,2026-03-11,132
USR072,HR_READER,DB_IT.SCHEMA_3.TBL_689,Marketing,2026-03-21,185
USR072,HR_READER,DB_FIN.SCHEMA_1.TBL_524,People,2026-03-18,132
USR072,HR_READER,DB_FIN.SCHEMA_4.TBL_367,Operations,2026-04-03,3
USR072,HR_READER,DB_PEO.SCHEMA_5.TBL_278,Product,2026-04-01,169
USR072,HR_READER,DB_LEG.SCHEMA_3.TBL_401,Operations,2026-03-30,69
USR072,HR_READER,DB_SAL.SCHEMA_4.TBL_433,,2026-04-04,40
USR072,HR_READER,DB_FIN.SCHEMA_1.TBL_275,Product,2026-03-11,199
USR073,VIEWER,DB_MAR.SCHEMA_2.TBL_657,People,2026-03-21,114
USR073,VIEWER,DB_DES.SCHEMA_1.TBL_795,Design,2026-04-09,66
USR073,VIEWER,DB_PRO.SCHEMA_1.TBL_566,,2026-04-02,149
USR073,VIEWER,DB_MAR.SCHEMA_4.TBL_287,Finance,2026-04-09,174
USR073,VIEWER,DB_IT.SCHEMA_3.TBL_271,,2026-03-14,108
USR073,VIEWER,DB_PEO.SCHEMA_5.TBL_796,Operations,2026-04-07,124
USR073,VIEWER,DB_DES.SCHEMA_5.TBL_368,Operations,2026-03-13,108
USR073,VIEWER,DB_PRO.SCHEMA_1.TBL_291,Engineering,2026-04-08,82
USR073,VIEWER,DB_ENG.SCHEMA_1.TBL_609,,2026-03-24,120
USR073,VIEWER,DB_IT.SCHEMA_4.TBL_884,,2026-03-12,172
USR073,VIEWER,DB_IT.SCHEMA_4.TBL_555,Marketing,2026-03-29,134
USR073,VIEWER,DB_DES.SCHEMA_4.TBL_126,Engineering,2026-04-08,110
USR073,VIEWER,DB_IT.SCHEMA_5.TBL_474,Finance,2026-03-24,126
USR073,VIEWER,DB_OPE.SCHEMA_5.TBL_371,Finance,2026-04-05,139
USR073,VIEWER,DB_MAR.SCHEMA_4.TBL_933,Finance,2026-03-28,84
USR073,VIEWER,DB_SAL.SCHEMA_4.TBL_433,,2026-03-14,187
USR073,VIEWER,DB_PEO.SCHEMA_5.TBL_843,Finance,2026-03-24,140
USR073,VIEWER,DB_FIN.SCHEMA_1.TBL_234,Engineering,2026-03-16,5
USR073,VIEWER,DB_DES.SCHEMA_4.TBL_314,Marketing,2026-03-17,142
USR073,VIEWER,DB_ENG.SCHEMA_4.TBL_972,Operations,2026-04-09,94
USR073,VIEWER,DB_LEG.SCHEMA_2.TBL_795,Product,2026-03-15,167
USR073,VIEWER,DB_MAR.SCHEMA_1.TBL_405,,2026-03-27,93
USR073,VIEWER,DB_LEG.SCHEMA_5.TBL_126,,2026-03-25,156
USR073,VIEWER,DB_ENG.SCHEMA_1.TBL_930,Marketing,2026-03-20,15
USR073,VIEWER,DB_PRO.SCHEMA_5.TBL_828,,2026-03-13,86
USR073,VIEWER,DB_LEG.SCHEMA_2.TBL_274,,2026-04-10,73
USR073,VIEWER,DB_OPE.SCHEMA_5.TBL_279,Operations,2026-04-09,179
USR073,VIEWER,DB_SAL.SCHEMA_4.TBL_507,Finance,2026-03-13,170
USR073,VIEWER,DB_IT.SCHEMA_3.TBL_689,Marketing,2026-03-22,4
USR074,ADMIN,DB_OPE.SCHEMA_5.TBL_279,Operations,2026-04-07,136
USR074,ADMIN,DB_PRO.SCHEMA_1.TBL_291,Engineering,2026-03-26,51
USR074,ADMIN,DB_PRO.SCHEMA_1.TBL_737,Engineering,2026-03-19,130
USR074,ADMIN,DB_SAL.SCHEMA_4.TBL_433,,2026-03-12,143
USR074,ADMIN,DB_PEO.SCHEMA_5.TBL_843,Finance,2026-04-04,82
USR074,ADMIN,DB_PEO.SCHEMA_5.TBL_796,Operations,2026-03-14,178
USR074,ADMIN,DB_OPE.SCHEMA_5.TBL_371,Finance,2026-03-19,157
USR074,ADMIN,DB_DES.SCHEMA_5.TBL_368,Operations,2026-04-08,103
USR074,ADMIN,DB_IT.SCHEMA_3.TBL_689,Marketing,2026-04-07,105
USR074,ADMIN,DB_DES.SCHEMA_4.TBL_314,Marketing,2026-03-25,95
USR074,ADMIN,DB_IT.SCHEMA_4.TBL_884,,2026-03-25,168
USR074,ADMIN,DB_SAL.SCHEMA_4.TBL_507,Finance,2026-03-14,178
USR074,ADMIN,DB_OPE.SCHEMA_2.TBL_872,Marketing,2026-04-10,97
USR075,VIEWER,DB_SAL.SCHEMA_1.TBL_813,,2026-03-11,11
USR075,VIEWER,DB_LEG.SCHEMA_3.TBL_401,Operations,2026-03-14,108
USR075,VIEWER,DB_ENG.SCHEMA_4.TBL_711,Finance,2026-03-28,74
USR075,VIEWER,DB_PEO.SCHEMA_5.TBL_278,Product,2026-03-22,16
USR075,VIEWER,DB_FIN.SCHEMA_1.TBL_275,Product,2026-03-31,37
USR075,VIEWER,DB_PEO.SCHEMA_5.TBL_796,Operations,2026-03-16,187
USR075,VIEWER,DB_DES.SCHEMA_4.TBL_314,Marketing,2026-03-19,161
USR075,VIEWER,DB_DES.SCHEMA_1.TBL_795,Design,2026-04-10,15
USR075,VIEWER,DB_FIN.SCHEMA_4.TBL_367,Operations,2026-03-16,56
USR075,VIEWER,DB_SAL.SCHEMA_4.TBL_507,Finance,2026-03-27,194
USR075,VIEWER,DB_PRO.SCHEMA_1.TBL_737,Engineering,2026-03-25,137
USR075,VIEWER,DB_IT.SCHEMA_4.TBL_555,Marketing,2026-03-30,173
USR075,VIEWER,DB_IT.SCHEMA_4.TBL_884,,2026-04-10,48
USR075,VIEWER,DB_SAL.SCHEMA_1.TBL_584,,2026-03-12,51
USR075,VIEWER,DB_MAR.SCHEMA_2.TBL_657,People,2026-03-28,29
USR075,VIEWER,DB_IT.SCHEMA_3.TBL_271,,2026-04-08,75
USR075,VIEWER,DB_FIN.SCHEMA_1.TBL_234,Engineering,2026-04-03,119
USR075,VIEWER,DB_PRO.SCHEMA_5.TBL_828,,2026-03-23,13
USR075,VIEWER,DB_PRO.SCHEMA_1.TBL_566,,2026-03-19,0
USR076,DATA_STEWARD,DB_MAR.SCHEMA_4.TBL_287,Finance,2026-03-16,183
USR076,DATA_STEWARD,DB_IT.SCHEMA_3.TBL_271,,2026-03-25,33
USR076,DATA_STEWARD,DB_FIN.SCHEMA_4.TBL_367,Operations,2026-03-25,34
USR076,DATA_STEWARD,DB_MAR.SCHEMA_4.TBL_933,Finance,2026-04-05,10
USR076,DATA_STEWARD,DB_PEO.SCHEMA_3.TBL_524,,2026-03-24,101
USR076,DATA_STEWARD,DB_PRO.SCHEMA_5.TBL_828,,2026-03-25,94
USR076,DATA_STEWARD,DB_FIN.SCHEMA_1.TBL_524,People,2026-03-19,148
USR076,DATA_STEWARD,DB_DES.SCHEMA_4.TBL_314,Marketing,2026-03-31,3
USR076,DATA_STEWARD,DB_SAL.SCHEMA_1.TBL_584,,2026-03-22,147
USR076,DATA_STEWARD,DB_DES.SCHEMA_1.TBL_795,Design,2026-03-26,54
USR076,DATA_STEWARD,DB_IT.SCHEMA_3.TBL_689,Marketing,2026-04-10,4
USR076,DATA_STEWARD,DB_FIN.SCHEMA_1.TBL_275,Product,2026-03-18,116
USR076,DATA_STEWARD,DB_MAR.SCHEMA_1.TBL_405,,2026-03-21,170
USR076,DATA_STEWARD,DB_DES.SCHEMA_3.TBL_681,Design,2026-03-18,120
USR076,DATA_STEWARD,DB_IT.SCHEMA_4.TBL_555,Marketing,2026-04-04,65
USR076,DATA_STEWARD,DB_PEO.SCHEMA_4.TBL_226,Design,2026-03-22,176
USR076,DATA_STEWARD,DB_ENG.SCHEMA_1.TBL_930,Marketing,2026-04-08,15
USR076,DATA_STEWARD,DB_SAL.SCHEMA_3.TBL_675,Operations,2026-04-10,129
USR076,DATA_STEWARD,DB_PRO.SCHEMA_4.TBL_713,People,2026-04-04,180
USR077,DATA_STEWARD,DB_FIN.SCHEMA_5.TBL_756,People,2026-03-15,114
USR077,DATA_STEWARD,DB_ENG.SCHEMA_1.TBL_930,Marketing,2026-04-03,158
USR077,DATA_STEWARD,DB_DES.SCHEMA_4.TBL_314,Marketing,2026-04-04,21
USR077,DATA_STEWARD,DB_MAR.SCHEMA_4.TBL_287,Finance,2026-04-09,149
USR077,DATA_STEWARD,DB_PRO.SCHEMA_1.TBL_737,Engineering,2026-04-09,17
USR077,DATA_STEWARD,DB_PEO.SCHEMA_5.TBL_278,Product,2026-03-24,54
USR077,DATA_STEWARD,DB_PRO.SCHEMA_5.TBL_828,,2026-03-25,177
USR077,DATA_STEWARD,DB_LEG.SCHEMA_2.TBL_274,,2026-03-30,133
USR077,DATA_STEWARD,DB_OPE.SCHEMA_2.TBL_789,,2026-04-04,7
USR077,DATA_STEWARD,DB_PEO.SCHEMA_4.TBL_226,Design,2026-03-12,68
USR077,DATA_STEWARD,DB_MAR.SCHEMA_1.TBL_405,,2026-04-04,114
USR077,DATA_STEWARD,DB_ENG.SCHEMA_4.TBL_972,Operations,2026-03-15,0
USR077,DATA_STEWARD,DB_LEG.SCHEMA_2.TBL_795,Product,2026-03-16,177
USR077,DATA_STEWARD,DB_MAR.SCHEMA_4.TBL_463,,2026-04-03,135
USR077,DATA_STEWARD,DB_OPE.SCHEMA_2.TBL_872,Marketing,2026-04-09,137
USR077,DATA_STEWARD,DB_PEO.SCHEMA_3.TBL_524,,2026-03-28,181
USR077,DATA_STEWARD,DB_LEG.SCHEMA_4.TBL_543,Engineering,2026-03-16,54
USR078,ANALYST,DB_MAR.SCHEMA_1.TBL_405,,2026-03-30,146
USR078,ANALYST,DB_PRO.SCHEMA_5.TBL_828,,2026-03-17,36
USR078,ANALYST,DB_OPE.SCHEMA_2.TBL_872,Marketing,2026-03-14,5
USR078,ANALYST,DB_ENG.SCHEMA_1.TBL_930,Marketing,2026-04-08,54
USR078,ANALYST,DB_PRO.SCHEMA_1.TBL_737,Engineering,2026-03-23,120
USR078,ANALYST,DB_DES.SCHEMA_4.TBL_126,Engineering,2026-03-31,67
USR078,ANALYST,DB_OPE.SCHEMA_5.TBL_305,,2026-04-06,9
USR078,ANALYST,DB_ENG.SCHEMA_1.TBL_609,,2026-03-12,150
USR078,ANALYST,DB_ENG.SCHEMA_5.TBL_772,Operations,2026-03-16,186
USR078,ANALYST,DB_SAL.SCHEMA_1.TBL_813,,2026-03-21,198
USR078,ANALYST,DB_FIN.SCHEMA_1.TBL_524,People,2026-04-01,187
USR078,ANALYST,DB_LEG.SCHEMA_4.TBL_543,Engineering,2026-03-19,37
USR078,ANALYST,DB_FIN.SCHEMA_4.TBL_367,Operations,2026-03-26,6
USR078,ANALYST,DB_LEG.SCHEMA_2.TBL_795,Product,2026-04-05,150
USR078,ANALYST,DB_LEG.SCHEMA_3.TBL_401,Operations,2026-03-27,55
USR078,ANALYST,DB_LEG.SCHEMA_5.TBL_126,,2026-03-14,177
USR078,ANALYST,DB_PEO.SCHEMA_5.TBL_843,Finance,2026-04-07,131
USR078,ANALYST,DB_IT.SCHEMA_5.TBL_474,Finance,2026-04-07,31
USR078,ANALYST,DB_PEO.SCHEMA_5.TBL_278,Product,2026-04-10,139
USR079,VIEWER,DB_LEG.SCHEMA_5.TBL_126,,2026-03-19,48
USR079,VIEWER,DB_DES.SCHEMA_4.TBL_126,Engineering,2026-03-11,116
USR080,HR_READER,DB_LEG.SCHEMA_4.TBL_543,Engineering,2026-03-17,10
USR080,HR_READER,DB_OPE.SCHEMA_5.TBL_371,Finance,2026-04-09,84
USR080,HR_READER,DB_PRO.SCHEMA_1.TBL_737,Engineering,2026-04-03,78
USR080,HR_READER,DB_IT.SCHEMA_3.TBL_689,Marketing,2026-03-22,6
USR081,DATA_STEWARD,DB_PRO.SCHEMA_1.TBL_737,Engineering,2026-04-05,137
USR081,DATA_STEWARD,DB_PEO.SCHEMA_5.TBL_278,Product,2026-03-23,65
USR081,DATA_STEWARD,DB_OPE.SCHEMA_2.TBL_872,Marketing,2026-03-16,85
USR081,DATA_STEWARD,DB_IT.SCHEMA_4.TBL_884,,2026-03-11,77
USR081,DATA_STEWARD,DB_SAL.SCHEMA_1.TBL_584,,2026-03-24,71
USR081,DATA_STEWARD,DB_IT.SCHEMA_4.TBL_555,Marketing,2026-04-10,118
USR081,DATA_STEWARD,DB_PRO.SCHEMA_4.TBL_713,People,2026-03-13,178
USR081,DATA_STEWARD,DB_OPE.SCHEMA_5.TBL_371,Finance,2026-04-06,188
USR081,DATA_STEWARD,DB_MAR.SCHEMA_4.TBL_287,Finance,2026-04-02,200
USR081,DATA_STEWARD,DB_OPE.SCHEMA_2.TBL_789,,2026-03-26,74
USR081,DATA_STEWARD,DB_SAL.SCHEMA_3.TBL_675,Operations,2026-03-15,99
USR081,DATA_STEWARD,DB_DES.SCHEMA_4.TBL_126,Engineering,2026-03-22,139
USR081,DATA_STEWARD,DB_PEO.SCHEMA_5.TBL_796,Operations,2026-03-28,76
USR081,DATA_STEWARD,DB_DES.SCHEMA_5.TBL_368,Operations,2026-04-09,13
USR081,DATA_STEWARD,DB_LEG.SCHEMA_2.TBL_795,Product,2026-04-10,104
USR081,DATA_STEWARD,DB_OPE.SCHEMA_5.TBL_279,Operations,2026-03-24,21
USR081,DATA_STEWARD,DB_LEG.SCHEMA_4.TBL_543,Engineering,2026-04-09,38
USR081,DATA_STEWARD,DB_MAR.SCHEMA_4.TBL_463,,2026-03-19,88
USR081,DATA_STEWARD,DB_MAR.SCHEMA_1.TBL_405,,2026-03-11,21
USR081,DATA_STEWARD,DB_DES.SCHEMA_1.TBL_795,Design,2026-03-13,110
USR081,DATA_STEWARD,DB_IT.SCHEMA_3.TBL_271,,2026-04-01,9
USR081,DATA_STEWARD,DB_PRO.SCHEMA_5.TBL_828,,2026-04-05,25
USR081,DATA_STEWARD,DB_ENG.SCHEMA_5.TBL_772,Operations,2026-03-16,163
USR081,DATA_STEWARD,DB_PEO.SCHEMA_5.TBL_843,Finance,2026-03-19,180
USR081,DATA_STEWARD,DB_PRO.SCHEMA_1.TBL_291,Engineering,2026-04-07,29
USR081,DATA_STEWARD,DB_IT.SCHEMA_5.TBL_474,Finance,2026-04-06,141
USR082,DATA_STEWARD,DB_PEO.SCHEMA_5.TBL_796,Operations,2026-03-25,101
USR082,DATA_STEWARD,DB_IT.SCHEMA_3.TBL_271,,2026-03-16,189
USR082,DATA_STEWARD,DB_MAR.SCHEMA_4.TBL_463,,2026-03-14,5
USR082,DATA_STEWARD,DB_ENG.SCHEMA_4.TBL_972,Operations,2026-03-29,102
USR083,VIEWER,DB_IT.SCHEMA_3.TBL_689,Marketing,2026-03-12,151
USR083,VIEWER,DB_DES.SCHEMA_3.TBL_681,Design,2026-03-15,71
USR083,VIEWER,DB_FIN.SCHEMA_1.TBL_524,People,2026-03-19,54
USR083,VIEWER,DB_MAR.SCHEMA_4.TBL_463,,2026-03-16,149
USR083,VIEWER,DB_FIN.SCHEMA_4.TBL_367,Operations,2026-03-22,191
USR083,VIEWER,DB_PEO.SCHEMA_5.TBL_843,Finance,2026-04-08,76
USR083,VIEWER,DB_SAL.SCHEMA_4.TBL_507,Finance,2026-03-11,170
USR083,VIEWER,DB_PRO.SCHEMA_1.TBL_737,Engineering,2026-03-22,111
USR083,VIEWER,DB_LEG.SCHEMA_2.TBL_795,Product,2026-04-07,135
USR083,VIEWER,DB_OPE.SCHEMA_5.TBL_305,,2026-04-02,99
USR083,VIEWER,DB_DES.SCHEMA_4.TBL_314,Marketing,2026-03-20,37
USR083,VIEWER,DB_ENG.SCHEMA_4.TBL_711,Finance,2026-04-10,146
USR083,VIEWER,DB_DES.SCHEMA_5.TBL_368,Operations,2026-04-05,100
USR083,VIEWER,DB_ENG.SCHEMA_4.TBL_972,Operations,2026-04-03,31
USR083,VIEWER,DB_IT.SCHEMA_4.TBL_555,Marketing,2026-04-02,125
USR083,VIEWER,DB_FIN.SCHEMA_1.TBL_275,Product,2026-03-16,196
USR083,VIEWER,DB_ENG.SCHEMA_5.TBL_772,Operations,2026-03-19,194
USR083,VIEWER,DB_LEG.SCHEMA_4.TBL_543,Engineering,2026-03-25,200
USR083,VIEWER,DB_OPE.SCHEMA_2.TBL_789,,2026-03-15,125
USR083,VIEWER,DB_MAR.SCHEMA_4.TBL_287,Finance,2026-04-01,53
USR084,DATA_STEWARD,DB_OPE.SCHEMA_2.TBL_789,,2026-03-26,9
USR084,DATA_STEWARD,DB_PRO.SCHEMA_1.TBL_737,Engineering,2026-03-24,12
USR084,DATA_STEWARD,DB_PRO.SCHEMA_5.TBL_828,,2026-03-20,68
USR085,ADMIN,DB_PEO.SCHEMA_3.TBL_524,,2026-04-01,122
USR085,ADMIN,DB_ENG.SCHEMA_4.TBL_711,Finance,2026-03-17,72
USR085,ADMIN,DB_FIN.SCHEMA_5.TBL_756,People,2026-04-02,37
USR085,ADMIN,DB_MAR.SCHEMA_1.TBL_405,,2026-04-07,160
USR085,ADMIN,DB_LEG.SCHEMA_3.TBL_401,Operations,2026-03-13,65
USR085,ADMIN,DB_DES.SCHEMA_4.TBL_314,Marketing,2026-03-15,23
USR085,ADMIN,DB_SAL.SCHEMA_1.TBL_584,,2026-03-14,71
USR085,ADMIN,DB_OPE.SCHEMA_5.TBL_305,,2026-03-11,118
USR085,ADMIN,DB_ENG.SCHEMA_5.TBL_772,Operations,2026-03-31,142
USR085,ADMIN,DB_PRO.SCHEMA_5.TBL_828,,2026-04-04,19
USR085,ADMIN,DB_PRO.SCHEMA_1.TBL_566,,2026-04-07,59
USR085,ADMIN,DB_IT.SCHEMA_3.TBL_689,Marketing,2026-04-10,111
USR085,ADMIN,DB_MAR.SCHEMA_4.TBL_933,Finance,2026-04-01,97
USR086,DATA_STEWARD,DB_LEG.SCHEMA_4.TBL_543,Engineering,2026-03-15,32
USR086,DATA_STEWARD,DB_PRO.SCHEMA_4.TBL_713,People,2026-04-06,32
USR086,DATA_STEWARD,DB_PEO.SCHEMA_5.TBL_278,Product,2026-03-21,177
USR086,DATA_STEWARD,DB_PRO.SCHEMA_1.TBL_291,Engineering,2026-03-25,194
USR086,DATA_STEWARD,DB_ENG.SCHEMA_1.TBL_930,Marketing,2026-03-14,107
USR086,DATA_STEWARD,DB_OPE.SCHEMA_2.TBL_872,Marketing,2026-04-03,74
USR086,DATA_STEWARD,DB_ENG.SCHEMA_4.TBL_972,Operations,2026-03-12,7
USR086,DATA_STEWARD,DB_FIN.SCHEMA_1.TBL_275,Product,2026-03-19,128
USR086,DATA_STEWARD,DB_OPE.SCHEMA_2.TBL_789,,2026-04-08,180
USR086,DATA_STEWARD,DB_FIN.SCHEMA_1.TBL_234,Engineering,2026-03-29,92
USR086,DATA_STEWARD,DB_PRO.SCHEMA_5.TBL_828,,2026-04-06,41
USR086,DATA_STEWARD,DB_LEG.SCHEMA_3.TBL_401,Operations,2026-03-19,30
USR086,DATA_STEWARD,DB_FIN.SCHEMA_4.TBL_367,Operations,2026-03-19,56
USR086,DATA_STEWARD,DB_MAR.SCHEMA_2.TBL_657,People,2026-03-31,71
USR086,DATA_STEWARD,DB_PEO.SCHEMA_4.TBL_226,Design,2026-04-05,180
USR086,DATA_STEWARD,DB_IT.SCHEMA_4.TBL_884,,2026-04-02,177
USR086,DATA_STEWARD,DB_LEG.SCHEMA_2.TBL_274,,2026-03-22,109
USR086,DATA_STEWARD,DB_PEO.SCHEMA_3.TBL_524,,2026-03-20,104
USR086,DATA_STEWARD,DB_DES.SCHEMA_4.TBL_126,Engineering,2026-04-09,101
USR086,DATA_STEWARD,DB_LEG.SCHEMA_5.TBL_126,,2026-03-17,154
USR086,DATA_STEWARD,DB_ENG.SCHEMA_4.TBL_711,Finance,2026-03-26,20
USR086,DATA_STEWARD,DB_FIN.SCHEMA_5.TBL_756,People,2026-04-06,128
USR086,DATA_STEWARD,DB_SAL.SCHEMA_4.TBL_433,,2026-03-12,23
USR086,DATA_STEWARD,DB_OPE.SCHEMA_5.TBL_279,Operations,2026-03-15,187
USR086,DATA_STEWARD,DB_MAR.SCHEMA_4.TBL_933,Finance,2026-04-09,11
USR086,DATA_STEWARD,DB_MAR.SCHEMA_4.TBL_287,Finance,2026-03-23,53
USR086,DATA_STEWARD,DB_DES.SCHEMA_1.TBL_795,Design,2026-03-18,90
USR087,ANALYST,DB_OPE.SCHEMA_2.TBL_872,Marketing,2026-03-14,100
USR087,ANALYST,DB_SAL.SCHEMA_1.TBL_584,,2026-04-09,149
USR087,ANALYST,DB_IT.SCHEMA_4.TBL_884,,2026-04-04,200
USR087,ANALYST,DB_PRO.SCHEMA_1.TBL_291,Engineering,2026-04-03,71
USR087,ANALYST,DB_PRO.SCHEMA_1.TBL_566,,2026-04-09,3
USR087,ANALYST,DB_OPE.SCHEMA_5.TBL_305,,2026-03-17,42
USR087,ANALYST,DB_DES.SCHEMA_4.TBL_314,Marketing,2026-03-20,199
USR087,ANALYST,DB_LEG.SCHEMA_2.TBL_795,Product,2026-03-15,41
USR087,ANALYST,DB_PRO.SCHEMA_4.TBL_713,People,2026-03-14,108
USR087,ANALYST,DB_MAR.SCHEMA_2.TBL_657,People,2026-04-02,65
USR087,ANALYST,DB_SAL.SCHEMA_1.TBL_813,,2026-04-03,90
USR087,ANALYST,DB_MAR.SCHEMA_4.TBL_287,Finance,2026-03-17,179
USR087,ANALYST,DB_DES.SCHEMA_5.TBL_368,Operations,2026-03-15,173
USR087,ANALYST,DB_DES.SCHEMA_1.TBL_795,Design,2026-03-20,184
USR087,ANALYST,DB_MAR.SCHEMA_4.TBL_463,,2026-03-20,176
USR087,ANALYST,DB_IT.SCHEMA_5.TBL_474,Finance,2026-03-31,34
USR087,ANALYST,DB_SAL.SCHEMA_4.TBL_507,Finance,2026-03-14,78
USR087,ANALYST,DB_MAR.SCHEMA_4.TBL_933,Finance,2026-03-23,24
USR087,ANALYST,DB_DES.SCHEMA_4.TBL_126,Engineering,2026-03-11,4
USR087,ANALYST,DB_FIN.SCHEMA_1.TBL_275,Product,2026-03-20,146
USR087,ANALYST,DB_IT.SCHEMA_3.TBL_271,,2026-03-27,49
USR087,ANALYST,DB_FIN.SCHEMA_1.TBL_234,Engineering,2026-03-21,158
USR087,ANALYST,DB_IT.SCHEMA_3.TBL_689,Marketing,2026-03-12,13
USR087,ANALYST,DB_PEO.SCHEMA_5.TBL_278,Product,2026-03-21,128
USR087,ANALYST,DB_LEG.SCHEMA_3.TBL_401,Operations,2026-03-14,195
USR087,ANALYST,DB_PRO.SCHEMA_5.TBL_828,,2026-03-30,143
USR087,ANALYST,DB_ENG.SCHEMA_1.TBL_609,,2026-03-17,108
USR087,ANALYST,DB_PEO.SCHEMA_4.TBL_226,Design,2026-03-22,19
USR087,ANALYST,DB_PEO.SCHEMA_3.TBL_524,,2026-04-04,74
USR087,ANALYST,DB_LEG.SCHEMA_2.TBL_274,,2026-03-23,148
USR088,ENGINEER,DB_SAL.SCHEMA_1.TBL_813,,2026-04-01,21
USR088,ENGINEER,DB_PRO.SCHEMA_4.TBL_713,People,2026-03-28,58
USR089,DATA_STEWARD,DB_MAR.SCHEMA_4.TBL_463,,2026-03-12,127
USR089,DATA_STEWARD,DB_SAL.SCHEMA_1.TBL_584,,2026-03-22,9
USR089,DATA_STEWARD,DB_FIN.SCHEMA_5.TBL_756,People,2026-04-10,151
USR089,DATA_STEWARD,DB_PRO.SCHEMA_1.TBL_566,,2026-03-21,15
USR089,DATA_STEWARD,DB_MAR.SCHEMA_2.TBL_657,People,2026-04-01,54
USR089,DATA_STEWARD,DB_PRO.SCHEMA_5.TBL_828,,2026-03-21,69
USR089,DATA_STEWARD,DB_ENG.SCHEMA_1.TBL_609,,2026-04-08,95
USR089,DATA_STEWARD,DB_IT.SCHEMA_4.TBL_555,Marketing,2026-03-14,53
USR089,DATA_STEWARD,DB_SAL.SCHEMA_1.TBL_813,,2026-04-09,110
USR089,DATA_STEWARD,DB_DES.SCHEMA_4.TBL_314,Marketing,2026-03-19,9
USR089,DATA_STEWARD,DB_OPE.SCHEMA_5.TBL_371,Finance,2026-03-15,185
USR089,DATA_STEWARD,DB_DES.SCHEMA_5.TBL_368,Operations,2026-04-02,155
USR089,DATA_STEWARD,DB_LEG.SCHEMA_2.TBL_274,,2026-04-08,76
USR089,DATA_STEWARD,DB_PEO.SCHEMA_5.TBL_843,Finance,2026-03-16,186
USR089,DATA_STEWARD,DB_ENG.SCHEMA_4.TBL_711,Finance,2026-03-15,176
USR089,DATA_STEWARD,DB_DES.SCHEMA_3.TBL_681,Design,2026-04-06,11
USR090,ANALYST,DB_IT.SCHEMA_4.TBL_555,Marketing,2026-03-21,82
USR090,ANALYST,DB_PRO.SCHEMA_1.TBL_737,Engineering,2026-04-09,55
USR090,ANALYST,DB_SAL.SCHEMA_4.TBL_433,,2026-03-23,11
USR090,ANALYST,DB_PRO.SCHEMA_1.TBL_291,Engineering,2026-03-14,139
USR090,ANALYST,DB_SAL.SCHEMA_1.TBL_813,,2026-03-13,27
USR090,ANALYST,DB_ENG.SCHEMA_1.TBL_930,Marketing,2026-03-31,120
USR090,ANALYST,DB_FIN.SCHEMA_1.TBL_275,Product,2026-04-04,0
USR090,ANALYST,DB_PEO.SCHEMA_5.TBL_796,Operations,2026-03-17,33
USR090,ANALYST,DB_PEO.SCHEMA_3.TBL_524,,2026-03-28,11
USR090,ANALYST,DB_IT.SCHEMA_5.TBL_474,Finance,2026-04-01,63
USR090,ANALYST,DB_SAL.SCHEMA_3.TBL_675,Operations,2026-03-15,177
USR090,ANALYST,DB_DES.SCHEMA_5.TBL_368,Operations,2026-03-22,51
USR090,ANALYST,DB_PRO.SCHEMA_5.TBL_828,,2026-03-28,51
USR090,ANALYST,DB_SAL.SCHEMA_1.TBL_584,,2026-03-23,18
USR090,ANALYST,DB_PRO.SCHEMA_1.TBL_566,,2026-04-08,73
USR090,ANALYST,DB_FIN.SCHEMA_4.TBL_367,Operations,2026-03-19,178
USR090,ANALYST,DB_LEG.SCHEMA_2.TBL_795,Product,2026-04-02,159
USR090,ANALYST,DB_ENG.SCHEMA_5.TBL_772,Operations,2026-03-14,120
USR090,ANALYST,DB_MAR.SCHEMA_1.TBL_405,,2026-03-29,39
USR090,ANALYST,DB_ENG.SCHEMA_4.TBL_972,Operations,2026-04-06,18
USR090,ANALYST,DB_FIN.SCHEMA_5.TBL_756,People,2026-03-31,107
USR090,ANALYST,DB_DES.SCHEMA_4.TBL_126,Engineering,2026-03-21,18
USR091,ENGINEER,DB_OPE.SCHEMA_5.TBL_371,Finance,2026-03-14,30
USR091,ENGINEER,DB_PEO.SCHEMA_4.TBL_226,Design,2026-03-26,60
USR091,ENGINEER,DB_ENG.SCHEMA_5.TBL_772,Operations,2026-03-26,3
USR091,ENGINEER,DB_PEO.SCHEMA_5.TBL_796,Operations,2026-03-16,31
USR091,ENGINEER,DB_LEG.SCHEMA_3.TBL_401,Operations,2026-03-22,53
USR091,ENGINEER,DB_MAR.SCHEMA_4.TBL_463,,2026-03-28,195
USR091,ENGINEER,DB_PRO.SCHEMA_1.TBL_737,Engineering,2026-04-08,65
USR091,ENGINEER,DB_OPE.SCHEMA_2.TBL_872,Marketing,2026-03-22,10
USR091,ENGINEER,DB_FIN.SCHEMA_4.TBL_367,Operations,2026-04-07,52
USR091,ENGINEER,DB_SAL.SCHEMA_4.TBL_507,Finance,2026-03-22,83
USR092,HR_READER,DB_PRO.SCHEMA_1.TBL_291,Engineering,2026-03-15,154
USR092,HR_READER,DB_PRO.SCHEMA_4.TBL_713,People,2026-03-14,51
USR092,HR_READER,DB_MAR.SCHEMA_4.TBL_287,Finance,2026-04-09,177
USR092,HR_READER,DB_MAR.SCHEMA_2.TBL_657,People,2026-04-05,96
USR092,HR_READER,DB_FIN.SCHEMA_1.TBL_234,Engineering,2026-03-16,20
USR092,HR_READER,DB_PEO.SCHEMA_5.TBL_843,Finance,2026-03-21,58
USR092,HR_READER,DB_FIN.SCHEMA_1.TBL_275,Product,2026-03-29,70
USR092,HR_READER,DB_IT.SCHEMA_5.TBL_474,Finance,2026-04-10,66
USR092,HR_READER,DB_PEO.SCHEMA_5.TBL_796,Operations,2026-03-11,195
USR092,HR_READER,DB_PEO.SCHEMA_3.TBL_524,,2026-03-23,0
USR092,HR_READER,DB_PEO.SCHEMA_4.TBL_226,Design,2026-03-13,74
USR092,HR_READER,DB_IT.SCHEMA_4.TBL_555,Marketing,2026-03-24,186
USR092,HR_READER,DB_ENG.SCHEMA_5.TBL_772,Operations,2026-03-14,178
USR092,HR_READER,DB_FIN.SCHEMA_4.TBL_367,Operations,2026-03-15,2
USR092,HR_READER,DB_LEG.SCHEMA_4.TBL_543,Engineering,2026-03-21,183
USR092,HR_READER,DB_DES.SCHEMA_1.TBL_795,Design,2026-03-28,70
USR092,HR_READER,DB_LEG.SCHEMA_2.TBL_274,,2026-03-30,142
USR092,HR_READER,DB_SAL.SCHEMA_4.TBL_507,Finance,2026-03-20,65
USR092,HR_READER,DB_OPE.SCHEMA_5.TBL_279,Operations,2026-04-09,115
USR092,HR_READER,DB_SAL.SCHEMA_1.TBL_584,,2026-03-22,56
USR092,HR_READER,DB_OPE.SCHEMA_5.TBL_371,Finance,2026-03-30,51
USR093,FINANCE_READER,DB_ENG.SCHEMA_4.TBL_972,Operations,2026-03-13,113
USR093,FINANCE_READER,DB_ENG.SCHEMA_4.TBL_711,Finance,2026-03-22,28
USR093,FINANCE_READER,DB_OPE.SCHEMA_5.TBL_305,,2026-03-27,7
USR093,FINANCE_READER,DB_LEG.SCHEMA_3.TBL_401,Operations,2026-04-01,0
USR093,FINANCE_READER,DB_OPE.SCHEMA_2.TBL_789,,2026-03-25,169
USR093,FINANCE_READER,DB_PEO.SCHEMA_5.TBL_796,Operations,2026-03-22,98
USR093,FINANCE_READER,DB_FIN.SCHEMA_1.TBL_275,Product,2026-03-22,137
USR093,FINANCE_READER,DB_IT.SCHEMA_4.TBL_555,Marketing,2026-03-15,86
USR093,FINANCE_READER,DB_SAL.SCHEMA_3.TBL_675,Operations,2026-04-10,83
USR093,FINANCE_READER,DB_LEG.SCHEMA_5.TBL_126,,2026-03-19,130
USR093,FINANCE_READER,DB_FIN.SCHEMA_5.TBL_756,People,2026-04-03,61
USR093,FINANCE_READER,DB_IT.SCHEMA_4.TBL_884,,2026-03-27,109
USR093,FINANCE_READER,DB_MAR.SCHEMA_4.TBL_933,Finance,2026-03-28,190
USR093,FINANCE_READER,DB_LEG.SCHEMA_2.TBL_795,Product,2026-04-09,96
USR094,VIEWER,DB_PEO.SCHEMA_3.TBL_524,,2026-03-21,196
USR094,VIEWER,DB_FIN.SCHEMA_1.TBL_275,Product,2026-03-27,124
USR094,VIEWER,DB_IT.SCHEMA_4.TBL_555,Marketing,2026-03-30,0
USR095,FINANCE_READER,DB_SAL.SCHEMA_4.TBL_433,,2026-03-18,52
USR095,FINANCE_READER,DB_ENG.SCHEMA_1.TBL_930,Marketing,2026-03-28,147
USR095,FINANCE_READER,DB_OPE.SCHEMA_5.TBL_305,,2026-03-25,85
USR095,FINANCE_READER,DB_FIN.SCHEMA_5.TBL_756,People,2026-03-20,125
USR095,FINANCE_READER,DB_ENG.SCHEMA_1.TBL_609,,2026-03-11,30
USR095,FINANCE_READER,DB_IT.SCHEMA_3.TBL_271,,2026-04-01,20
USR095,FINANCE_READER,DB_PRO.SCHEMA_4.TBL_713,People,2026-03-16,21
USR095,FINANCE_READER,DB_ENG.SCHEMA_4.TBL_972,Operations,2026-03-20,50
USR095,FINANCE_READER,DB_DES.SCHEMA_5.TBL_368,Operations,2026-04-07,181
USR095,FINANCE_READER,DB_PEO.SCHEMA_5.TBL_278,Product,2026-03-22,155
USR095,FINANCE_READER,DB_PRO.SCHEMA_5.TBL_828,,2026-04-06,190
USR095,FINANCE_READER,DB_LEG.SCHEMA_2.TBL_274,,2026-03-17,158
USR095,FINANCE_READER,DB_OPE.SCHEMA_2.TBL_789,,2026-03-18,145
USR095,FINANCE_READER,DB_SAL.SCHEMA_1.TBL_813,,2026-03-19,41
USR095,FINANCE_READER,DB_SAL.SCHEMA_4.TBL_507,Finance,2026-04-08,113
USR095,FINANCE_READER,DB_LEG.SCHEMA_5.TBL_126,,2026-03-16,131
USR095,FINANCE_READER,DB_PRO.SCHEMA_1.TBL_737,Engineering,2026-04-06,190
USR095,FINANCE_READER,DB_MAR.SCHEMA_4.TBL_933,Finance,2026-04-04,38
USR095,FINANCE_READER,DB_MAR.SCHEMA_4.TBL_287,Finance,2026-04-09,136
USR095,FINANCE_READER,DB_FIN.SCHEMA_1.TBL_234,Engineering,2026-04-08,130
USR095,FINANCE_READER,DB_PEO.SCHEMA_5.TBL_796,Operations,2026-03-14,196
USR095,FINANCE_READER,DB_IT.SCHEMA_5.TBL_474,Finance,2026-03-22,106
USR095,FINANCE_READER,DB_MAR.SCHEMA_2.TBL_657,People,2026-03-22,190
USR095,FINANCE_READER,DB_PRO.SCHEMA_1.TBL_291,Engineering,2026-03-30,194
USR095,FINANCE_READER,DB_LEG.SCHEMA_4.TBL_543,Engineering,2026-04-05,97
USR095,FINANCE_READER,DB_SAL.SCHEMA_3.TBL_675,Operations,2026-03-11,75
USR095,FINANCE_READER,DB_FIN.SCHEMA_1.TBL_275,Product,2026-03-12,44
USR095,FINANCE_READER,DB_PEO.SCHEMA_5.TBL_843,Finance,2026-03-28,168
USR095,FINANCE_READER,DB_IT.SCHEMA_4.TBL_555,Marketing,2026-03-25,72
USR095,FINANCE_READER,DB_MAR.SCHEMA_4.TBL_463,,2026-03-20,117
USR096,FINANCE_READER,DB_ENG.SCHEMA_4.TBL_711,Finance,2026-04-09,33
USR096,FINANCE_READER,DB_SAL.SCHEMA_4.TBL_507,Finance,2026-03-18,83
USR096,FINANCE_READER,DB_LEG.SCHEMA_2.TBL_795,Product,2026-04-04,11
USR096,FINANCE_READER,DB_OPE.SCHEMA_5.TBL_371,Finance,2026-03-23,139
USR096,FINANCE_READER,DB_PEO.SCHEMA_5.TBL_843,Finance,2026-03-27,79
USR096,FINANCE_READER,DB_FIN.SCHEMA_5.TBL_756,People,2026-03-17,193
USR096,FINANCE_READER,DB_LEG.SCHEMA_5.TBL_126,,2026-03-29,63
USR096,FINANCE_READER,DB_SAL.SCHEMA_4.TBL_433,,2026-03-29,57
USR096,FINANCE_READER,DB_OPE.SCHEMA_2.TBL_872,Marketing,2026-04-01,159
USR096,FINANCE_READER,DB_OPE.SCHEMA_2.TBL_789,,2026-03-23,6
USR096,FINANCE_READER,DB_FIN.SCHEMA_1.TBL_524,People,2026-03-23,179
USR096,FINANCE_READER,DB_PRO.SCHEMA_1.TBL_291,Engineering,2026-03-15,108
USR096,FINANCE_READER,DB_PEO.SCHEMA_3.TBL_524,,2026-03-17,138
USR096,FINANCE_READER,DB_DES.SCHEMA_5.TBL_368,Operations,2026-04-02,37
USR096,FINANCE_READER,DB_LEG.SCHEMA_3.TBL_401,Operations,2026-03-18,158
USR097,VIEWER,DB_PRO.SCHEMA_4.TBL_713,People,2026-03-26,178
USR097,VIEWER,DB_PEO.SCHEMA_5.TBL_278,Product,2026-04-03,128
USR097,VIEWER,DB_PRO.SCHEMA_1.TBL_291,Engineering,2026-04-01,168
USR097,VIEWER,DB_LEG.SCHEMA_3.TBL_401,Operations,2026-03-26,71
USR098,DATA_STEWARD,DB_LEG.SCHEMA_2.TBL_274,,2026-03-27,98
USR098,DATA_STEWARD,DB_SAL.SCHEMA_3.TBL_675,Operations,2026-03-22,149
USR098,DATA_STEWARD,DB_MAR.SCHEMA_4.TBL_463,,2026-03-16,121
USR098,DATA_STEWARD,DB_DES.SCHEMA_4.TBL_314,Marketing,2026-03-30,152
USR098,DATA_STEWARD,DB_IT.SCHEMA_4.TBL_555,Marketing,2026-04-08,79
USR098,DATA_STEWARD,DB_ENG.SCHEMA_1.TBL_930,Marketing,2026-04-09,132
USR098,DATA_STEWARD,DB_FIN.SCHEMA_1.TBL_275,Product,2026-03-14,161
USR098,DATA_STEWARD,DB_IT.SCHEMA_5.TBL_474,Finance,2026-03-16,155
USR098,DATA_STEWARD,DB_PEO.SCHEMA_4.TBL_226,Design,2026-03-31,105
USR098,DATA_STEWARD,DB_IT.SCHEMA_4.TBL_884,,2026-03-20,82
USR098,DATA_STEWARD,DB_OPE.SCHEMA_5.TBL_371,Finance,2026-04-09,72
USR098,DATA_STEWARD,DB_DES.SCHEMA_5.TBL_368,Operations,2026-03-27,33
USR099,FINANCE_READER,DB_OPE.SCHEMA_2.TBL_872,Marketing,2026-03-20,79
USR099,FINANCE_READER,DB_PEO.SCHEMA_4.TBL_226,Design,2026-04-01,114
USR099,FINANCE_READER,DB_PRO.SCHEMA_5.TBL_828,,2026-03-26,41
USR099,FINANCE_READER,DB_DES.SCHEMA_3.TBL_681,Design,2026-03-29,24
USR099,FINANCE_READER,DB_SAL.SCHEMA_1.TBL_584,,2026-03-14,138
USR099,FINANCE_READER,DB_PRO.SCHEMA_4.TBL_713,People,2026-03-27,72
USR099,FINANCE_READER,DB_PEO.SCHEMA_5.TBL_843,Finance,2026-04-07,79
USR099,FINANCE_READER,DB_IT.SCHEMA_4.TBL_884,,2026-03-12,187
USR099,FINANCE_READER,DB_DES.SCHEMA_1.TBL_795,Design,2026-04-04,29
USR099,FINANCE_READER,DB_PRO.SCHEMA_1.TBL_566,,2026-04-05,65
USR099,FINANCE_READER,DB_PRO.SCHEMA_1.TBL_291,Engineering,2026-03-25,199
USR099,FINANCE_READER,DB_LEG.SCHEMA_2.TBL_274,,2026-04-02,0
USR099,FINANCE_READER,DB_IT.SCHEMA_3.TBL_689,Marketing,2026-03-28,45
USR099,FINANCE_READER,DB_FIN.SCHEMA_1.TBL_234,Engineering,2026-04-10,50
USR099,FINANCE_READER,DB_MAR.SCHEMA_4.TBL_287,Finance,2026-03-13,175
USR100,ANALYST,DB_SAL.SCHEMA_4.TBL_507,Finance,2026-03-21,156
USR100,ANALYST,DB_PEO.SCHEMA_4.TBL_226,Design,2026-04-09,23
USR100,ANALYST,DB_OPE.SCHEMA_5.TBL_305,,2026-03-16,138
USR100,ANALYST,DB_IT.SCHEMA_3.TBL_689,Marketing,2026-04-07,155
USR100,ANALYST,DB_PEO.SCHEMA_3.TBL_524,,2026-03-29,95
USR100,ANALYST,DB_SAL.SCHEMA_1.TBL_584,,2026-03-14,41
USR100,ANALYST,DB_OPE.SCHEMA_5.TBL_279,Operations,2026-03-14,162
USR100,ANALYST,DB_OPE.SCHEMA_5.TBL_371,Finance,2026-04-06,172
USR100,ANALYST,DB_PEO.SCHEMA_5.TBL_278,Product,2026-03-26,78
USR100,ANALYST,DB_OPE.SCHEMA_2.TBL_789,,2026-04-04,163
USR100,ANALYST,DB_LEG.SCHEMA_2.TBL_274,,2026-04-09,78
USR100,ANALYST,DB_PRO.SCHEMA_1.TBL_566,,2026-04-05,113
USR100,ANALYST,DB_FIN.SCHEMA_1.TBL_524,People,2026-04-09,95
USR100,ANALYST,DB_MAR.SCHEMA_1.TBL_405,,2026-04-10,108
USR100,ANALYST,DB_DES.SCHEMA_1.TBL_795,Design,2026-04-04,185
USR100,ANALYST,DB_IT.SCHEMA_4.TBL_555,Marketing,2026-04-03,58
USR100,ANALYST,DB_ENG.SCHEMA_4.TBL_711,Finance,2026-03-23,87
USR100,ANALYST,DB_PRO.SCHEMA_4.TBL_713,People,2026-03-14,128
USR100,ANALYST,DB_SAL.SCHEMA_3.TBL_675,Operations,2026-03-17,200
