employee_id,employee_name,department,manager_id,tenure_years,performance_rating,salary_band,months_since_promotion,engagement_score,team_size,hire_date,attrition_risk_label
EMP0001,Taylor Lewis,Finance,EMP0001,7.8,1,L3,17,3.2,20,2018-06-15,High
EMP0002,Kendall Clark,Design,EMP0001,5.2,1,L1,13,3.1,9,2021-01-19,Medium
EMP0003,Kendall Moore,Engineering,EMP0001,5.2,3,L4,17,8.3,8,2021-01-19,Low
EMP0004,Harley Anderson,People,EMP0001,4.3,3,L2,48,4.0,14,2021-12-14,Low
EMP0005,Taylor Clark,People,EMP0001,7.4,4,L5,46,5.1,15,2018-11-08,Low
EMP0006,River Wilson,People,EMP0001,3.7,4,L1,23,6.2,10,2022-07-21,Low
EMP0007,Riley Anderson,Product,EMP0001,11.8,5,L3,6,4.4,14,2014-06-16,Low
EMP0008,Dakota Brown,People,EMP0001,4.5,4,L3,44,9.4,8,2021-10-02,Low
EMP0009,Avery Johnson,Legal,EMP0001,2.2,3,L3,40,7.2,4,2024-01-19,Low
EMP0010,Drew White,Design,EMP0001,9.7,3,L4,4,2.9,13,2016-07-22,Low
EMP0011,Dakota Davis,Finance,EMP0001,4.9,5,L2,29,2.3,20,2021-05-09,High
EMP0012,Skyler White,Legal,EMP0001,9.0,3,L5,37,4.6,7,2017-04-03,Low
EMP0013,Rowan Lee,Finance,EMP0001,1.4,1,L4,7,2.4,16,2024-11-07,High
EMP0014,Peyton Patel,IT,EMP0001,4.8,4,L4,29,5.8,3,2021-06-14,Low
EMP0015,Riley Jackson,Marketing,EMP0001,8.3,3,L1,17,7.9,16,2017-12-15,Low
EMP0016,Remy Patel,IT,EMP0001,0.3,4,L4,46,3.4,19,2025-12-13,High
EMP0017,Dakota Harris,Legal,EMP0001,10.5,3,L1,40,5.6,8,2015-10-04,Low
EMP0018,Avery Johnson,Marketing,EMP0001,11.0,4,L4,31,1.2,12,2015-04-04,Medium
EMP0019,River Garcia,Product,EMP0001,3.1,4,L4,5,1.8,20,2023-02-25,Medium
EMP0020,Drew Clark,IT,EMP0001,1.8,3,L4,35,2.5,16,2024-06-13,High
EMP0021,Morgan Brown,Product,EMP0012,9.1,4,L4,45,3.8,17,2017-02-26,High
EMP0022,Avery Lee,Legal,EMP0019,2.9,3,L1,37,6.0,4,2023-05-09,Low
EMP0023,Bailey Lewis,Product,EMP0009,10.9,5,L2,4,5.6,7,2015-05-11,Low
EMP0024,Sage Moore,People,EMP0007,7.0,3,L1,30,8.3,16,2019-04-03,Medium
EMP0025,Phoenix Patel,Engineering,EMP0004,5.1,5,L2,3,7.1,13,2021-02-25,Low
EMP0026,Parker Clark,Sales,EMP0006,3.2,3,L2,28,2.3,5,2023-01-19,Medium
EMP0027,Hayden Nguyen,Legal,EMP0003,1.4,4,L1,34,8.5,18,2024-11-07,High
EMP0028,Blake Moore,Sales,EMP0013,10.4,5,L5,10,4.4,17,2015-11-09,Low
EMP0029,Jordan Lewis,Finance,EMP0016,8.5,4,L1,35,7.0,9,2017-10-03,Low
EMP0030,Riley Johnson,Product,EMP0019,8.9,2,L3,20,1.5,19,2017-05-10,High
EMP0031,Emerson Young,Legal,EMP0003,11.5,2,L2,11,1.6,10,2014-10-04,Medium
EMP0032,Peyton Martinez,Marketing,EMP0017,0.8,2,L5,42,6.3,9,2025-06-13,High
EMP0033,Alex Jackson,Marketing,EMP0015,3.1,3,L5,42,6.8,5,2023-02-25,Low
EMP0034,Ellis Lee,IT,EMP0007,7.6,4,L2,6,1.7,14,2018-08-27,Low
EMP0035,Alex Clark,Sales,EMP0018,10.6,3,L3,10,4.9,19,2015-08-28,Low
EMP0036,Rowan Nguyen,IT,EMP0004,3.8,4,L1,8,3.4,12,2022-06-14,Low
EMP0037,Taylor Moore,Product,EMP0017,8.7,3,L2,40,8.7,4,2017-07-22,Low
EMP0038,Kendall Moore,Finance,EMP0009,10.0,1,L3,21,7.9,20,2016-04-03,Medium
EMP0039,Casey Moore,Engineering,EMP0018,6.9,2,L4,44,9.1,20,2019-05-10,High
EMP0040,River Clark,Legal,EMP0007,1.8,3,L3,2,9.1,14,2024-06-13,Low
EMP0041,Ellis Moore,Finance,EMP0008,10.6,3,L5,39,7.7,8,2015-08-28,Low
EMP0042,Reese Johnson,Legal,EMP0014,0.6,4,L2,21,8.0,6,2025-08-25,Low
EMP0043,Reese Martinez,Legal,EMP0008,10.3,3,L1,29,4.1,9,2015-12-16,Low
EMP0044,Cameron Smith,Operations,EMP0017,3.6,2,L3,17,4.2,20,2022-08-26,Medium
EMP0045,Sage Martinez,Engineering,EMP0009,1.6,5,L1,11,6.2,16,2024-08-25,Low
EMP0046,Alex Harris,Legal,EMP0019,5.4,5,L2,7,4.5,16,2020-11-07,Low
EMP0047,Rowan Martinez,Marketing,EMP0007,11.1,3,L2,46,9.5,13,2015-02-27,Low
EMP0048,Dakota Garcia,Marketing,EMP0014,8.1,2,L2,19,5.6,12,2018-02-26,Low
EMP0049,Dakota Smith,Design,EMP0006,2.5,4,L3,24,7.1,15,2023-10-02,Low
EMP0050,Skyler White,Product,EMP0011,3.9,3,L2,37,6.5,9,2022-05-09,Low
EMP0051,Taylor Brown,Sales,EMP0003,9.6,5,L3,47,2.5,13,2016-08-27,Medium
EMP0052,Parker Moore,Legal,EMP0002,8.2,3,L5,12,2.3,5,2018-01-21,Low
EMP0053,Ellis Patel,Operations,EMP0016,10.7,4,L2,45,7.3,3,2015-07-23,Low
EMP0054,Parker Garcia,IT,EMP0002,9.4,3,L2,44,5.7,6,2016-11-08,Low
EMP0055,Finley Clark,Design,EMP0015,9.7,4,L4,35,6.4,19,2016-07-22,Medium
EMP0056,Hayden Brown,Sales,EMP0008,5.5,3,L4,30,5.1,19,2020-10-02,Medium
EMP0057,Casey Garcia,Marketing,EMP0011,3.5,2,L4,18,3.1,5,2022-10-02,Medium
EMP0058,Finley Johnson,Operations,EMP0014,3.0,4,L2,45,2.9,17,2023-04-02,High
EMP0059,Sage Wilson,Design,EMP0001,2.7,3,L2,37,9.5,3,2023-07-21,Low
EMP0060,Avery Davis,Design,EMP0018,9.1,5,L4,26,5.8,18,2017-02-26,Medium
EMP0061,Rowan Clark,Finance,EMP0013,5.4,1,L4,21,7.0,7,2020-11-07,Low
EMP0062,Riley Johnson,Operations,EMP0003,0.6,3,L1,36,7.0,17,2025-08-25,High
EMP0063,Quinn Lee,Sales,EMP0013,3.3,3,L4,29,3.9,16,2022-12-14,High
EMP0064,River Smith,Legal,EMP0012,5.8,4,L3,3,10.0,4,2020-06-14,Low
EMP0065,Emerson Nguyen,Finance,EMP0008,11.4,3,L2,1,6.6,6,2014-11-09,Low
EMP0066,Blake Patel,People,EMP0020,5.7,3,L4,23,2.5,8,2020-07-21,Low
EMP0067,Taylor Lewis,Operations,EMP0013,7.1,5,L5,36,7.1,9,2019-02-26,Low
EMP0068,Sage Clark,Design,EMP0010,8.4,4,L4,6,7.3,4,2017-11-08,Low
EMP0069,Finley Anderson,Operations,EMP0001,5.3,3,L4,32,6.8,6,2020-12-14,Low
EMP0070,Rowan Clark,IT,EMP0006,7.7,4,L5,45,2.4,11,2018-07-22,Medium
EMP0071,Quinn Jackson,Legal,EMP0011,9.4,3,L4,46,6.3,5,2016-11-08,Low
EMP0072,Riley White,Engineering,EMP0011,3.2,3,L2,39,7.0,13,2023-01-19,Low
EMP0073,Drew Lee,Sales,EMP0020,2.8,4,L3,21,3.5,19,2023-06-15,Medium
EMP0074,Taylor Wilson,Product,EMP0016,3.1,3,L2,35,7.8,3,2023-02-25,Low
EMP0075,Finley Clark,Product,EMP0012,2.9,4,L3,19,7.0,14,2023-05-09,Low
EMP0076,Morgan Clark,People,EMP0008,4.2,4,L3,17,3.8,13,2022-01-19,Low
EMP0077,Rowan Wilson,Sales,EMP0016,11.4,4,L3,12,2.9,19,2014-11-09,Medium
EMP0078,Casey Davis,Sales,EMP0006,11.8,4,L1,18,3.0,20,2014-06-16,Medium
EMP0079,Emerson Wilson,Product,EMP0005,0.8,2,L1,18,7.3,3,2025-06-13,Medium
EMP0080,Reese White,Product,EMP0009,5.8,3,L1,11,9.7,5,2020-06-14,Low
EMP0081,Morgan Clark,Sales,EMP0019,1.2,4,L1,3,2.4,10,2025-01-18,Medium
EMP0082,Blake Lewis,Operations,EMP0017,9.2,4,L2,39,3.0,17,2017-01-21,High
EMP0083,Peyton Lee,Legal,EMP0004,11.9,3,L3,39,1.5,11,2014-05-11,Medium
EMP0084,Blake Johnson,Product,EMP0014,2.1,3,L3,4,2.4,18,2024-02-25,Medium
EMP0085,Finley Patel,Legal,EMP0003,3.0,4,L5,44,8.7,9,2023-04-02,Low
EMP0086,Rowan Lewis,Engineering,EMP0003,6.7,4,L1,17,8.4,12,2019-07-22,Low
EMP0087,Parker Lee,Sales,EMP0013,11.1,3,L3,29,7.2,18,2015-02-27,Medium
EMP0088,River Davis,Engineering,EMP0009,7.3,5,L1,47,3.9,3,2018-12-15,Medium
EMP0089,Logan White,Sales,EMP0015,7.0,4,L1,11,5.2,16,2019-04-03,Low
EMP0090,Blake Thomas,Finance,EMP0004,11.6,3,L2,26,4.0,18,2014-08-28,Medium
EMP0091,Harley Harris,Marketing,EMP0009,9.8,4,L1,29,1.8,15,2016-06-15,Medium
EMP0092,Logan Jackson,Legal,EMP0002,10.0,1,L3,34,5.2,18,2016-04-03,High
EMP0093,Morgan Smith,Product,EMP0010,9.2,3,L4,35,2.2,18,2017-01-21,High
EMP0094,Taylor Brown,IT,EMP0010,11.7,4,L1,15,7.4,16,2014-07-23,Low
EMP0095,Skyler Davis,Product,EMP0005,11.9,5,L5,29,9.5,12,2014-05-11,Low
EMP0096,Bailey Garcia,Finance,EMP0018,5.2,3,L2,30,3.2,19,2021-01-19,High
EMP0097,Bailey Wilson,Sales,EMP0017,10.4,3,L4,26,4.1,12,2015-11-09,Low
EMP0098,Cameron Clark,Product,EMP0005,10.1,4,L3,42,5.4,14,2016-02-27,Low
EMP0099,Jordan Martinez,Design,EMP0008,9.2,3,L2,20,8.8,16,2017-01-21,Low
EMP0100,Skyler Lewis,Product,EMP0005,9.0,4,L5,24,4.5,7,2017-04-03,Low
EMP0101,Harley Garcia,Engineering,EMP0015,4.2,2,L3,28,1.9,16,2022-01-19,High
EMP0102,Reese Martinez,People,EMP0013,1.2,4,L4,16,4.0,20,2025-01-18,Medium
EMP0103,Avery Lee,Design,EMP0002,7.6,5,L1,31,8.9,12,2018-08-27,Low
EMP0104,Ellis Smith,Product,EMP0004,5.4,2,L1,40,7.3,12,2020-11-07,Medium
EMP0105,Emerson Kim,Finance,EMP0014,0.8,4,L2,18,4.2,16,2025-06-13,Medium
EMP0106,Avery Jackson,Product,EMP0008,2.3,2,L5,24,6.6,7,2023-12-14,Low
EMP0107,Taylor Jackson,Sales,EMP0015,7.8,3,L3,42,1.1,8,2018-06-15,Medium
EMP0108,Drew Thomas,Sales,EMP0014,11.4,5,L2,19,6.8,12,2014-11-09,Low
EMP0109,Alex Thomas,Sales,EMP0019,10.3,2,L5,24,6.1,12,2015-12-16,Low
EMP0110,River Brown,Design,EMP0002,3.5,4,L3,43,8.0,12,2022-10-02,Low
EMP0111,Blake Jackson,Finance,EMP0009,7.4,3,L3,40,2.7,4,2018-11-08,Medium
EMP0112,Drew Garcia,Marketing,EMP0010,0.7,3,L3,8,1.8,8,2025-07-20,Medium
EMP0113,Phoenix Wilson,Finance,EMP0009,9.5,5,L2,23,5.8,18,2016-10-03,Low
EMP0114,Harley Thomas,Finance,EMP0003,9.0,3,L4,7,5.2,10,2017-04-03,Low
EMP0115,Parker Anderson,Engineering,EMP0013,11.6,4,L2,23,1.8,6,2014-08-28,Low
EMP0116,Alex Young,People,EMP0012,8.2,4,L3,37,4.4,18,2018-01-21,Medium
EMP0117,Logan Moore,Product,EMP0003,10.6,4,L5,39,3.0,12,2015-08-28,Medium
EMP0118,Casey Thomas,People,EMP0016,1.7,1,L1,2,3.7,20,2024-07-20,High
EMP0119,Ellis Moore,Operations,EMP0018,5.6,4,L3,47,7.3,7,2020-08-27,Low
EMP0120,Parker Jackson,Engineering,EMP0009,8.0,4,L3,39,4.7,9,2018-04-03,Low
EMP0121,Jordan Thomas,IT,EMP0012,11.4,5,L5,6,9.8,14,2014-11-09,Low
EMP0122,Phoenix Martinez,Design,EMP0007,3.5,5,L5,29,1.8,4,2022-10-02,Medium
EMP0123,Cameron Garcia,Legal,EMP0018,3.1,2,L3,36,2.8,10,2023-02-25,High
EMP0124,Morgan Smith,Finance,EMP0005,9.5,4,L3,17,8.7,8,2016-10-03,Low
EMP0125,Bailey Moore,Finance,EMP0001,1.8,3,L2,15,6.3,7,2024-06-13,Low
EMP0126,Skyler Brown,IT,EMP0012,6.5,4,L3,30,5.0,17,2019-10-03,Medium
EMP0127,Harley Thomas,Engineering,EMP0015,11.4,1,L1,42,5.7,18,2014-11-09,High
EMP0128,Taylor Garcia,People,EMP0003,5.3,2,L2,45,9.2,7,2020-12-14,Medium
EMP0129,Skyler Young,Design,EMP0013,3.5,4,L3,35,7.4,17,2022-10-02,Medium
EMP0130,Finley Martinez,Legal,EMP0018,5.3,4,L2,7,8.7,10,2020-12-14,Low
EMP0131,Casey White,Marketing,EMP0014,10.0,3,L3,46,1.9,14,2016-04-03,Medium
EMP0132,Dakota Martinez,Finance,EMP0012,1.1,4,L3,5,4.9,20,2025-02-24,Medium
EMP0133,Sage Patel,Engineering,EMP0014,8.1,3,L5,42,9.5,12,2018-02-26,Low
EMP0134,Morgan Davis,Marketing,EMP0004,7.1,3,L4,42,5.3,14,2019-02-26,Low
EMP0135,Alex Young,Design,EMP0020,7.0,4,L3,35,9.8,20,2019-04-03,Medium
EMP0136,Alex Kim,Sales,EMP0009,11.2,4,L5,17,1.3,14,2015-01-22,Low
EMP0137,Reese Moore,People,EMP0001,10.5,4,L3,25,1.6,9,2015-10-04,Medium
EMP0138,Casey Kim,Design,EMP0019,5.6,3,L1,19,7.5,4,2020-08-27,Low
EMP0139,Quinn Nguyen,Product,EMP0014,9.1,1,L3,5,3.4,16,2017-02-26,High
EMP0140,Jordan Brown,Product,EMP0019,9.1,2,L3,27,2.0,12,2017-02-26,High
EMP0141,Cameron Patel,Finance,EMP0007,4.9,4,L4,0,2.8,12,2021-05-09,Low
EMP0142,Taylor Thomas,Legal,EMP0018,0.4,4,L3,11,2.2,14,2025-11-06,Medium
EMP0143,Kendall Moore,Marketing,EMP0003,10.4,1,L3,1,5.1,15,2015-11-09,Low
EMP0144,Taylor Moore,Product,EMP0020,3.7,3,L4,20,2.5,14,2022-07-21,Low
EMP0145,Avery Martinez,Operations,EMP0003,10.2,3,L4,37,4.6,13,2016-01-22,Low
EMP0146,Sage Garcia,Legal,EMP0017,9.4,2,L5,40,2.0,14,2016-11-08,High
EMP0147,Parker Lewis,People,EMP0005,3.1,2,L1,12,2.6,18,2023-02-25,High
EMP0148,Casey Jackson,Marketing,EMP0020,9.2,3,L4,36,6.8,13,2017-01-21,Low
EMP0149,Blake Jackson,Engineering,EMP0019,1.1,3,L2,19,8.2,5,2025-02-24,Low
EMP0150,Parker Lewis,Design,EMP0003,5.6,2,L3,18,1.7,15,2020-08-27,Medium
EMP0151,Skyler Garcia,Legal,EMP0019,6.8,4,L2,2,5.0,18,2019-06-15,Low
EMP0152,Avery Jackson,IT,EMP0003,11.5,3,L3,21,9.8,4,2014-10-04,Low
EMP0153,Peyton Young,Sales,EMP0012,11.9,3,L2,39,2.4,13,2014-05-11,Medium
EMP0154,Quinn Young,IT,EMP0004,0.9,4,L3,21,1.6,12,2025-05-08,Medium
EMP0155,Casey Young,Sales,EMP0012,10.5,3,L5,37,7.0,15,2015-10-04,Low
EMP0156,Taylor Moore,Finance,EMP0011,8.6,2,L3,35,4.4,19,2017-08-27,High
EMP0157,Drew Brown,Marketing,EMP0007,6.2,1,L5,19,2.6,18,2020-01-20,High
EMP0158,Jordan Martinez,IT,EMP0004,12.0,3,L4,18,8.6,19,2014-04-04,Low
EMP0159,Bailey Jackson,Finance,EMP0006,10.6,4,L4,38,4.4,8,2015-08-28,Low
EMP0160,Avery Clark,Design,EMP0015,0.8,3,L2,46,3.1,17,2025-06-13,High
EMP0161,Parker Wilson,Marketing,EMP0007,3.1,5,L3,30,9.1,17,2023-02-25,Medium
EMP0162,Jordan White,Design,EMP0007,9.4,3,L1,26,9.7,11,2016-11-08,Low
EMP0163,Quinn Jackson,People,EMP0017,10.5,4,L2,6,7.4,8,2015-10-04,Low
EMP0164,Finley Johnson,Product,EMP0008,10.9,2,L4,27,1.8,3,2015-05-11,High
EMP0165,Sloane Martinez,Legal,EMP0012,4.9,3,L1,24,10.0,6,2021-05-09,Low
EMP0166,Parker Young,Finance,EMP0016,9.6,2,L4,18,9.3,18,2016-08-27,Medium
EMP0167,Finley Patel,IT,EMP0005,0.4,2,L5,16,2.9,19,2025-11-06,High
EMP0168,Sloane White,Design,EMP0014,9.4,3,L2,7,1.4,6,2016-11-08,Low
EMP0169,Avery Lewis,Sales,EMP0005,7.3,1,L2,32,6.2,14,2018-12-15,Medium
EMP0170,Skyler Harris,People,EMP0012,5.2,4,L5,5,5.7,20,2021-01-19,Low
EMP0171,Sage Lee,Marketing,EMP0013,6.8,3,L2,30,1.4,3,2019-06-15,Medium
EMP0172,Dakota Martinez,Marketing,EMP0019,4.3,4,L1,40,1.9,14,2021-12-14,Medium
EMP0173,Kendall Jackson,Finance,EMP0016,9.8,3,L4,43,5.2,5,2016-06-15,Low
EMP0174,Hayden Davis,Sales,EMP0011,0.7,3,L3,12,9.0,20,2025-07-20,Medium
EMP0175,Finley Thomas,Marketing,EMP0002,0.7,4,L2,18,4.2,14,2025-07-20,Low
EMP0176,Remy Harris,Product,EMP0006,9.0,5,L3,24,4.1,14,2017-04-03,Low
EMP0177,Morgan Lee,Finance,EMP0020,3.4,2,L3,27,1.7,13,2022-11-07,High
EMP0178,Parker Johnson,Finance,EMP0014,4.1,3,L3,28,6.4,14,2022-02-25,Low
EMP0179,Sage Harris,Engineering,EMP0009,8.8,5,L1,39,10.0,15,2017-06-15,Low
EMP0180,Avery Anderson,Product,EMP0020,9.7,4,L1,1,2.3,5,2016-07-22,Low
EMP0181,Emerson Garcia,Marketing,EMP0015,4.5,5,L2,2,6.4,5,2021-10-02,Low
EMP0182,Skyler Thomas,Engineering,EMP0004,6.5,3,L3,41,3.5,18,2019-10-03,High
EMP0183,Drew Patel,Design,EMP0007,11.0,2,L2,16,7.3,18,2015-04-04,Medium
EMP0184,Peyton Anderson,People,EMP0015,1.9,2,L4,11,9.1,13,2024-05-08,Low
EMP0185,Avery Patel,Finance,EMP0006,8.6,3,L4,18,9.0,19,2017-08-27,Low
EMP0186,Parker Clark,Marketing,EMP0001,11.8,4,L3,15,8.1,14,2014-06-16,Low
EMP0187,Sloane Lewis,IT,EMP0016,1.8,5,L2,4,3.8,16,2024-06-13,Medium
EMP0188,Logan Lewis,IT,EMP0015,1.2,5,L2,41,1.7,20,2025-01-18,High
EMP0189,Riley Kim,People,EMP0002,2.4,5,L3,27,5.5,12,2023-11-07,Low
EMP0190,Drew Clark,Sales,EMP0017,4.1,4,L4,22,9.5,11,2022-02-25,Low
EMP0191,Riley Young,Finance,EMP0017,3.5,4,L3,39,5.8,7,2022-10-02,Low
EMP0192,Logan Nguyen,People,EMP0001,8.7,4,L1,36,1.4,11,2017-07-22,Medium
EMP0193,Hayden Brown,Sales,EMP0018,9.3,3,L3,40,1.3,12,2016-12-15,Medium
EMP0194,Parker Nguyen,Finance,EMP0002,9.7,4,L2,19,5.1,18,2016-07-22,Low
EMP0195,Skyler Clark,Operations,EMP0012,4.3,2,L1,45,3.9,14,2021-12-14,High
EMP0196,Reese Young,Finance,EMP0008,1.5,3,L1,7,3.4,12,2024-10-01,Low
EMP0197,Hayden Harris,Marketing,EMP0019,5.2,5,L1,10,8.3,8,2021-01-19,Low
EMP0198,Drew Lewis,IT,EMP0013,5.8,5,L2,31,1.2,10,2020-06-14,Medium
EMP0199,Finley Garcia,Sales,EMP0016,4.4,2,L3,31,6.4,6,2021-11-07,Medium
EMP0200,Drew Anderson,Operations,EMP0002,10.6,4,L1,48,4.6,20,2015-08-28,Medium
EMP0201,Casey Patel,Sales,EMP0018,6.8,2,L4,32,5.1,6,2019-06-15,Medium
EMP0202,Reese Harris,Finance,EMP0012,4.9,4,L1,21,6.0,19,2021-05-09,Low
EMP0203,Casey Martinez,IT,EMP0016,0.8,1,L2,45,4.0,19,2025-06-13,High
EMP0204,Dakota White,Design,EMP0010,11.2,3,L2,25,9.9,19,2015-01-22,Medium
EMP0205,Rowan White,Operations,EMP0004,8.6,3,L3,1,4.3,3,2017-08-27,Low
EMP0206,Logan Young,Design,EMP0002,3.4,4,L2,37,6.2,19,2022-11-07,Medium
EMP0207,Cameron Moore,People,EMP0019,9.4,3,L1,43,3.2,17,2016-11-08,High
EMP0208,Kendall Garcia,Product,EMP0020,2.1,4,L4,26,5.5,4,2024-02-25,Low
EMP0209,Remy Clark,Marketing,EMP0013,6.4,4,L5,42,5.3,17,2019-11-08,Medium
EMP0210,Quinn Clark,Design,EMP0009,4.3,3,L2,46,7.1,10,2021-12-14,Low
EMP0211,Dakota Davis,Product,EMP0007,3.8,5,L2,19,7.9,14,2022-06-14,Low
EMP0212,Blake Johnson,Marketing,EMP0013,3.7,4,L5,34,4.4,7,2022-07-21,Low
EMP0213,Quinn Clark,Product,EMP0009,3.7,4,L2,22,9.3,20,2022-07-21,Low
EMP0214,Avery Brown,Legal,EMP0008,8.4,2,L1,39,7.7,19,2017-11-08,High
EMP0215,Finley White,Engineering,EMP0005,0.9,3,L5,45,5.3,8,2025-05-08,Medium
EMP0216,Dakota Johnson,People,EMP0002,5.9,3,L3,18,3.9,10,2020-05-09,Low
EMP0217,Remy Wilson,Operations,EMP0002,11.0,3,L4,11,9.4,8,2015-04-04,Low
EMP0218,Skyler White,Sales,EMP0011,10.6,1,L2,36,6.4,20,2015-08-28,High
EMP0219,Logan Davis,People,EMP0007,10.7,2,L2,32,5.2,17,2015-07-23,High
EMP0220,Sloane Moore,Legal,EMP0019,8.7,1,L1,21,8.1,15,2017-07-22,Low
EMP0221,Alex Davis,Product,EMP0005,6.3,2,L2,42,1.9,10,2019-12-15,High
EMP0222,Quinn Anderson,Design,EMP0010,4.8,3,L3,17,9.6,3,2021-06-14,Low
EMP0223,Kendall Patel,Operations,EMP0006,8.4,2,L3,7,5.2,12,2017-11-08,Low
EMP0224,Bailey Young,Finance,EMP0008,7.8,5,L2,23,6.5,17,2018-06-15,Low
EMP0225,Skyler Jackson,Legal,EMP0007,4.7,4,L3,30,7.8,5,2021-07-21,Low
EMP0226,Casey Kim,IT,EMP0018,6.5,3,L2,36,2.0,20,2019-10-03,High
EMP0227,Parker Johnson,Product,EMP0019,4.1,3,L1,7,7.1,19,2022-02-25,Low
EMP0228,Bailey Smith,Product,EMP0018,5.6,3,L3,29,6.1,12,2020-08-27,Low
EMP0229,Dakota Johnson,Engineering,EMP0003,4.9,4,L2,47,3.0,5,2021-05-09,Medium
EMP0230,Sage Thomas,Finance,EMP0014,11.2,2,L4,30,1.3,16,2015-01-22,High
EMP0231,Morgan Kim,Finance,EMP0018,5.5,5,L3,24,4.4,14,2020-10-02,Low
EMP0232,Parker Clark,Engineering,EMP0008,11.9,3,L4,8,7.6,12,2014-05-11,Low
EMP0233,Jordan Moore,Finance,EMP0012,5.3,3,L2,14,3.2,6,2020-12-14,Low
EMP0234,Rowan Johnson,People,EMP0003,7.5,5,L3,1,3.2,17,2018-10-03,Medium
EMP0235,Avery Lewis,Engineering,EMP0007,3.2,1,L1,28,3.1,12,2023-01-19,High
EMP0236,Avery Moore,Sales,EMP0008,4.0,4,L4,43,8.4,19,2022-04-02,Medium
EMP0237,Sage Thomas,Operations,EMP0006,3.8,2,L3,37,8.9,4,2022-06-14,Medium
EMP0238,Hayden Brown,Operations,EMP0010,9.5,3,L1,26,4.7,20,2016-10-03,Medium
EMP0239,Dakota Harris,Engineering,EMP0015,10.2,3,L3,45,2.3,16,2016-01-22,High
EMP0240,Dakota Nguyen,Product,EMP0003,1.9,3,L4,13,4.0,5,2024-05-08,Low
EMP0241,Drew White,Legal,EMP0003,0.9,3,L4,38,6.4,20,2025-05-08,High
EMP0242,Bailey White,Legal,EMP0001,2.7,5,L5,19,9.6,6,2023-07-21,Low
EMP0243,Reese Jackson,IT,EMP0008,11.0,4,L2,45,2.8,12,2015-04-04,Medium
EMP0244,River Martinez,Product,EMP0016,6.5,3,L1,16,4.2,18,2019-10-03,Low
EMP0245,Remy Lewis,Finance,EMP0008,11.0,3,L1,26,1.4,20,2015-04-04,High
EMP0246,Hayden Clark,Operations,EMP0008,7.1,3,L3,9,2.8,10,2019-02-26,Low
EMP0247,Riley Garcia,Product,EMP0016,8.0,4,L2,16,7.9,14,2018-04-03,Low
EMP0248,Sloane Johnson,IT,EMP0002,8.7,3,L1,34,9.9,5,2017-07-22,Low
EMP0249,Sage Johnson,Engineering,EMP0005,9.2,3,L2,40,3.1,17,2017-01-21,High
EMP0250,Finley Smith,Engineering,EMP0016,7.5,4,L1,39,9.2,20,2018-10-03,Medium
EMP0251,Phoenix Kim,IT,EMP0001,0.5,4,L4,34,9.8,16,2025-10-01,High
EMP0252,Quinn Thomas,IT,EMP0020,1.6,2,L2,9,3.2,14,2024-08-25,Medium
EMP0253,Logan Johnson,Sales,EMP0008,1.2,5,L3,29,6.1,5,2025-01-18,Medium
EMP0254,Logan Martinez,Finance,EMP0001,1.4,3,L1,35,5.3,16,2024-11-07,High
EMP0255,Quinn Johnson,Legal,EMP0002,6.9,5,L2,6,9.1,18,2019-05-10,Low
EMP0256,Alex Nguyen,Engineering,EMP0019,11.1,4,L1,17,9.1,13,2015-02-27,Low
EMP0257,Emerson Thomas,Sales,EMP0003,7.2,4,L1,45,8.4,10,2019-01-20,Low
EMP0258,Jordan Patel,People,EMP0005,8.2,3,L3,24,7.8,14,2018-01-21,Low
EMP0259,Alex Davis,Design,EMP0020,5.4,4,L2,21,6.4,13,2020-11-07,Low
EMP0260,Taylor Young,Operations,EMP0013,9.5,3,L1,14,4.2,15,2016-10-03,Low
EMP0261,Bailey Thomas,Operations,EMP0005,3.8,3,L3,4,1.7,7,2022-06-14,Low
EMP0262,Casey Lee,Marketing,EMP0015,4.0,2,L4,0,9.5,6,2022-04-02,Low
EMP0263,Taylor Young,Engineering,EMP0004,2.5,3,L1,35,5.6,20,2023-10-02,Medium
EMP0264,Ellis Brown,Operations,EMP0014,7.3,3,L4,24,1.1,20,2018-12-15,Medium
EMP0265,Taylor Kim,Sales,EMP0009,7.0,3,L2,24,2.5,7,2019-04-03,Low
EMP0266,Rowan Young,Sales,EMP0012,5.4,3,L5,30,8.0,18,2020-11-07,Medium
EMP0267,Phoenix Martinez,Marketing,EMP0013,2.6,2,L4,19,1.1,15,2023-08-26,Medium
EMP0268,Hayden Martinez,Sales,EMP0005,5.5,3,L2,41,9.8,9,2020-10-02,Low
EMP0269,Reese Davis,Design,EMP0016,2.4,3,L4,20,3.6,13,2023-11-07,Low
EMP0270,Peyton Clark,Design,EMP0007,9.9,3,L5,7,9.4,8,2016-05-10,Low
EMP0271,Peyton White,People,EMP0010,0.6,4,L4,45,2.9,16,2025-08-25,High
EMP0272,Emerson Thomas,Operations,EMP0014,1.9,3,L1,16,6.9,18,2024-05-08,Low
EMP0273,Rowan Lee,Marketing,EMP0002,6.6,5,L3,44,4.8,20,2019-08-27,Medium
EMP0274,River Martinez,Engineering,EMP0020,1.6,3,L3,42,4.2,15,2024-08-25,Low
EMP0275,Emerson Lewis,IT,EMP0008,11.6,3,L3,0,1.9,20,2014-08-28,Medium
EMP0276,Hayden Patel,IT,EMP0019,2.9,3,L1,29,8.0,3,2023-05-09,Low
EMP0277,Phoenix Nguyen,Marketing,EMP0005,3.8,5,L2,5,2.0,17,2022-06-14,Medium
EMP0278,Phoenix Patel,Marketing,EMP0015,6.4,3,L1,6,4.9,4,2019-11-08,Low
EMP0279,Riley Martinez,Legal,EMP0006,0.6,3,L3,6,7.1,20,2025-08-25,Medium
EMP0280,Reese Smith,Finance,EMP0006,6.9,5,L3,14,8.2,16,2019-05-10,Low
EMP0281,Quinn Lee,Engineering,EMP0013,8.9,5,L3,28,6.3,9,2017-05-10,Low
EMP0282,Peyton White,Legal,EMP0011,7.1,4,L2,34,2.7,11,2019-02-26,Medium
EMP0283,Harley Jackson,Design,EMP0013,6.5,4,L1,38,4.5,14,2019-10-03,Low
EMP0284,Cameron Patel,Design,EMP0020,7.5,4,L1,45,8.2,7,2018-10-03,Low
EMP0285,Emerson Thomas,Operations,EMP0017,3.1,2,L2,23,7.2,7,2023-02-25,Low
EMP0286,Casey Kim,IT,EMP0006,5.2,3,L1,34,7.2,12,2021-01-19,Low
EMP0287,Dakota Harris,Product,EMP0001,4.0,3,L1,3,8.8,15,2022-04-02,Low
EMP0288,Phoenix Brown,Product,EMP0015,7.9,3,L1,31,4.7,3,2018-05-10,Low
EMP0289,Dakota Harris,Design,EMP0015,3.7,3,L3,34,3.6,18,2022-07-21,High
EMP0290,River Jackson,IT,EMP0012,1.6,2,L4,34,8.4,4,2024-08-25,Medium
EMP0291,Parker Davis,Sales,EMP0008,6.7,5,L4,6,7.6,4,2019-07-22,Low
EMP0292,Harley Young,Legal,EMP0004,4.4,4,L2,28,8.8,14,2021-11-07,Low
EMP0293,Quinn Young,Engineering,EMP0007,7.7,3,L3,8,8.1,20,2018-07-22,Low
EMP0294,Ellis Patel,Sales,EMP0019,6.6,3,L5,45,3.6,19,2019-08-27,High
EMP0295,Avery Garcia,Finance,EMP0009,1.9,4,L3,26,9.3,7,2024-05-08,Low
EMP0296,Logan Moore,Product,EMP0013,8.6,4,L1,48,8.6,11,2017-08-27,Low
EMP0297,Cameron Lewis,Marketing,EMP0009,4.7,2,L2,5,4.6,18,2021-07-21,Medium
EMP0298,Reese Nguyen,Marketing,EMP0015,0.3,4,L4,46,1.8,20,2025-12-13,High
EMP0299,Emerson White,Marketing,EMP0010,11.6,4,L3,31,3.4,7,2014-08-28,Medium
EMP0300,Parker Jackson,Product,EMP0004,9.5,5,L1,48,1.4,8,2016-10-03,Medium
EMP0301,Taylor Anderson,Sales,EMP0005,0.3,5,L1,12,10.0,11,2025-12-13,Low
EMP0302,Finley Lee,Sales,EMP0013,3.2,3,L3,41,2.5,10,2023-01-19,Medium
EMP0303,Alex Smith,Legal,EMP0019,8.5,1,L3,30,1.7,17,2017-10-03,High
EMP0304,Bailey Patel,People,EMP0016,8.4,4,L2,27,7.2,5,2017-11-08,Low
EMP0305,Rowan Kim,Finance,EMP0005,1.5,3,L1,19,2.2,3,2024-10-01,Low
EMP0306,Taylor Patel,Design,EMP0014,5.4,4,L3,40,7.7,9,2020-11-07,Low
EMP0307,Quinn Lee,Marketing,EMP0014,1.9,2,L4,46,4.5,10,2024-05-08,Medium
EMP0308,Drew Thomas,Sales,EMP0001,3.2,4,L2,46,6.5,19,2023-01-19,Medium
EMP0309,Skyler Smith,Legal,EMP0004,3.8,2,L2,15,5.5,5,2022-06-14,Low
EMP0310,River White,Operations,EMP0019,11.8,5,L2,8,4.5,8,2014-06-16,Low
EMP0311,Phoenix Thomas,Sales,EMP0001,11.5,4,L2,1,6.3,4,2014-10-04,Low
EMP0312,Dakota Young,Operations,EMP0014,6.2,4,L1,32,7.9,20,2020-01-20,Medium
EMP0313,Emerson Lee,Finance,EMP0007,2.1,2,L3,5,5.6,15,2024-02-25,Low
EMP0314,Blake Kim,Operations,EMP0003,3.9,3,L1,15,1.5,4,2022-05-09,Low
EMP0315,Riley Anderson,Marketing,EMP0016,1.7,4,L3,44,1.1,11,2024-07-20,Medium
EMP0316,Quinn Harris,Engineering,EMP0004,1.8,4,L2,17,7.6,16,2024-06-13,Low
EMP0317,Hayden Lewis,Product,EMP0016,1.0,4,L3,36,6.6,4,2025-04-01,Medium
EMP0318,Jordan Smith,Legal,EMP0004,2.3,3,L3,6,9.0,3,2023-12-14,Low
EMP0319,Avery Martinez,Engineering,EMP0006,3.2,3,L3,24,9.3,16,2023-01-19,Low
EMP0320,Peyton Johnson,Design,EMP0003,3.2,5,L2,20,3.4,19,2023-01-19,Medium
EMP0321,Cameron Lee,Product,EMP0003,2.4,4,L4,2,9.6,12,2023-11-07,Low
EMP0322,Emerson White,Design,EMP0010,6.8,1,L2,12,3.6,14,2019-06-15,Medium
EMP0323,Alex Brown,Finance,EMP0008,12.0,4,L1,46,9.1,16,2014-04-04,Medium
EMP0324,Harley Wilson,Engineering,EMP0011,6.6,4,L4,44,8.9,15,2019-08-27,Low
EMP0325,Jordan Brown,Finance,EMP0002,1.5,3,L3,15,4.8,5,2024-10-01,Low
EMP0326,Casey Thomas,People,EMP0015,10.8,3,L3,44,9.1,19,2015-06-16,Medium
EMP0327,Remy Thomas,Legal,EMP0005,1.2,4,L2,27,7.0,13,2025-01-18,Medium
EMP0328,River Lewis,People,EMP0008,8.5,4,L5,20,5.1,7,2017-10-03,Low
EMP0329,Parker Wilson,People,EMP0014,1.6,2,L3,28,5.2,9,2024-08-25,Medium
EMP0330,Casey Lee,Design,EMP0010,5.7,5,L1,5,2.4,13,2020-07-21,Low
EMP0331,Alex Thomas,Sales,EMP0010,8.6,5,L4,25,5.6,8,2017-08-27,Low
EMP0332,Morgan Smith,People,EMP0015,10.3,4,L4,35,3.2,7,2015-12-16,Medium
EMP0333,Emerson Lewis,Marketing,EMP0013,1.0,4,L3,14,2.2,5,2025-04-01,Medium
EMP0334,Ellis Martinez,Product,EMP0007,3.3,4,L4,1,10.0,5,2022-12-14,Low
EMP0335,Hayden Smith,Operations,EMP0019,1.7,5,L4,3,2.5,15,2024-07-20,Low
EMP0336,Jordan Young,Sales,EMP0006,4.8,3,L2,22,2.9,7,2021-06-14,Low
EMP0337,Reese Garcia,Product,EMP0018,7.5,3,L1,18,5.5,11,2018-10-03,Low
EMP0338,Hayden Clark,Engineering,EMP0018,5.2,4,L5,33,3.2,14,2021-01-19,Medium
EMP0339,Rowan Brown,Sales,EMP0013,9.4,3,L1,36,5.5,13,2016-11-08,Low
EMP0340,Riley Patel,IT,EMP0016,0.6,4,L2,17,1.5,10,2025-08-25,Medium
EMP0341,Sage Kim,Legal,EMP0002,3.2,3,L3,34,8.3,15,2023-01-19,Low
EMP0342,Emerson Lewis,Engineering,EMP0019,2.4,4,L3,47,7.3,14,2023-11-07,Low
EMP0343,Avery Young,Product,EMP0006,2.0,5,L1,31,5.9,4,2024-04-01,Low
EMP0344,Kendall Kim,Legal,EMP0020,2.9,3,L4,0,4.0,13,2023-05-09,Low
EMP0345,River Patel,Design,EMP0005,11.0,4,L3,20,1.5,7,2015-04-04,Low
EMP0346,Cameron Garcia,Design,EMP0013,10.2,5,L1,4,4.4,12,2016-01-22,Low
EMP0347,Kendall Young,Marketing,EMP0016,11.7,4,L1,27,8.1,20,2014-07-23,Medium
EMP0348,Casey Kim,Sales,EMP0013,9.5,3,L3,37,8.3,12,2016-10-03,Low
EMP0349,Remy Young,Engineering,EMP0019,8.8,5,L1,36,4.5,13,2017-06-15,Low
EMP0350,Riley Lee,Legal,EMP0003,2.9,4,L2,31,2.3,13,2023-05-09,Medium
EMP0351,Kendall Lee,Engineering,EMP0015,9.9,4,L2,46,9.0,10,2016-05-10,Low
EMP0352,Ellis Moore,Product,EMP0013,4.4,4,L3,46,1.0,8,2021-11-07,Medium
EMP0353,Riley Jackson,Design,EMP0016,6.1,3,L3,34,4.4,10,2020-02-26,Low
EMP0354,Ellis Thomas,People,EMP0009,1.2,4,L1,18,1.2,8,2025-01-18,Medium
EMP0355,Logan Kim,Product,EMP0020,2.2,2,L3,5,4.0,16,2024-01-19,Medium
EMP0356,Bailey Clark,Legal,EMP0007,7.4,3,L2,3,1.9,20,2018-11-08,Medium
EMP0357,Casey Johnson,Design,EMP0013,3.4,3,L3,15,1.9,18,2022-11-07,Medium
EMP0358,Drew Kim,Product,EMP0020,4.5,3,L1,18,8.4,3,2021-10-02,Low
EMP0359,Taylor Clark,Operations,EMP0010,7.8,5,L2,30,8.6,11,2018-06-15,Low
EMP0360,Quinn Brown,Engineering,EMP0015,4.8,3,L2,24,4.3,17,2021-06-14,Low
EMP0361,Finley Lewis,People,EMP0004,10.1,4,L3,9,7.8,20,2016-02-27,Low
EMP0362,Emerson Brown,IT,EMP0014,3.0,2,L3,24,8.4,18,2023-04-02,Medium
EMP0363,Morgan Jackson,IT,EMP0019,5.9,2,L4,45,1.3,7,2020-05-09,High
EMP0364,Drew Garcia,Engineering,EMP0005,2.3,5,L2,13,8.3,16,2023-12-14,Low
EMP0365,Dakota Martinez,People,EMP0003,10.1,3,L2,46,9.2,15,2016-02-27,Low
EMP0366,Morgan Moore,Design,EMP0020,10.3,3,L3,0,8.1,16,2015-12-16,Low
EMP0367,Phoenix Wilson,People,EMP0004,2.1,4,L3,37,7.8,6,2024-02-25,Low
EMP0368,Riley Davis,Design,EMP0016,10.4,5,L3,26,3.4,4,2015-11-09,Medium
EMP0369,Kendall Brown,Operations,EMP0002,5.0,4,L4,43,7.2,13,2021-04-02,Low
EMP0370,Blake Davis,Marketing,EMP0001,0.9,3,L4,17,9.1,12,2025-05-08,Low
EMP0371,River Martinez,Finance,EMP0008,10.2,5,L2,43,1.9,17,2016-01-22,High
EMP0372,Bailey White,Legal,EMP0015,3.5,3,L5,41,1.8,16,2022-10-02,High
EMP0373,Reese Garcia,People,EMP0006,9.2,5,L2,3,5.6,19,2017-01-21,Low
EMP0374,Jordan Jackson,Legal,EMP0007,9.4,3,L4,36,1.3,10,2016-11-08,Medium
EMP0375,Peyton Smith,IT,EMP0015,0.9,3,L2,12,3.5,6,2025-05-08,Medium
EMP0376,Riley Davis,Design,EMP0016,3.1,3,L3,28,2.6,14,2023-02-25,Medium
EMP0377,Harley Brown,Finance,EMP0002,9.1,4,L4,18,1.2,9,2017-02-26,Low
EMP0378,Hayden Garcia,Engineering,EMP0017,7.9,4,L4,17,6.9,3,2018-05-10,Low
EMP0379,Finley Thomas,Sales,EMP0020,7.9,4,L3,0,3.0,11,2018-05-10,Low
EMP0380,Alex Harris,Design,EMP0017,10.3,3,L2,13,5.2,6,2015-12-16,Low
EMP0381,Hayden Lee,Design,EMP0020,12.0,5,L2,23,6.1,6,2014-04-04,Low
EMP0382,River Brown,Sales,EMP0009,4.2,3,L1,20,8.8,19,2022-01-19,Low
EMP0383,Blake Davis,Finance,EMP0011,10.8,4,L3,38,4.6,18,2015-06-16,Medium
EMP0384,Peyton Clark,Legal,EMP0019,10.9,3,L2,47,1.3,10,2015-05-11,Medium
EMP0385,Riley Wilson,Finance,EMP0010,7.8,3,L4,42,4.2,20,2018-06-15,Medium
EMP0386,Logan Lee,Finance,EMP0018,1.4,2,L5,16,7.5,13,2024-11-07,Medium
EMP0387,Parker Patel,Marketing,EMP0011,2.9,3,L2,19,4.8,12,2023-05-09,Low
EMP0388,Skyler Patel,People,EMP0020,5.8,5,L2,37,6.2,9,2020-06-14,Low
EMP0389,Finley Lewis,Finance,EMP0005,10.4,3,L5,19,4.7,13,2015-11-09,Low
EMP0390,Cameron Johnson,People,EMP0006,10.7,5,L2,9,3.8,8,2015-07-23,Low
EMP0391,Casey Young,Finance,EMP0019,0.4,3,L2,48,8.0,5,2025-11-06,Medium
EMP0392,Bailey Anderson,Engineering,EMP0013,5.4,3,L1,27,9.7,9,2020-11-07,Low
EMP0393,Avery Anderson,Engineering,EMP0007,11.4,5,L3,48,8.5,10,2014-11-09,Low
EMP0394,Blake Jackson,People,EMP0006,4.0,2,L4,32,6.3,12,2022-04-02,Medium
EMP0395,Sage Nguyen,Marketing,EMP0005,8.8,4,L5,21,4.9,18,2017-06-15,Low
EMP0396,Emerson Harris,Finance,EMP0008,2.2,5,L2,25,1.2,3,2024-01-19,Medium
EMP0397,Rowan Johnson,Sales,EMP0013,2.3,3,L4,41,8.1,4,2023-12-14,Low
EMP0398,Dakota Davis,Operations,EMP0004,8.0,4,L2,1,1.4,6,2018-04-03,Low
EMP0399,Peyton Harris,Sales,EMP0001,5.9,3,L2,44,7.2,6,2020-05-09,Low
EMP0400,Blake Patel,IT,EMP0004,3.5,4,L3,8,4.8,6,2022-10-02,Low
EMP0401,Kendall Moore,IT,EMP0009,9.5,3,L5,38,2.8,14,2016-10-03,Medium
EMP0402,Peyton Lee,Marketing,EMP0016,3.8,1,L2,31,9.2,3,2022-06-14,Medium
EMP0403,Ellis Davis,IT,EMP0003,10.9,4,L1,42,5.4,6,2015-05-11,Low
EMP0404,Harley Wilson,People,EMP0002,7.8,3,L4,18,3.4,4,2018-06-15,Low
EMP0405,Peyton Kim,Engineering,EMP0004,4.5,4,L1,27,7.6,7,2021-10-02,Low
EMP0406,Morgan Thomas,Marketing,EMP0003,4.1,5,L4,39,3.4,8,2022-02-25,Medium
EMP0407,Morgan Garcia,Operations,EMP0016,5.0,3,L3,24,7.2,8,2021-04-02,Low
EMP0408,Riley Young,Product,EMP0019,8.4,2,L4,10,1.9,17,2017-11-08,High
EMP0409,Ellis Moore,Product,EMP0005,4.7,3,L5,1,8.8,6,2021-07-21,Low
EMP0410,Peyton Martinez,Design,EMP0017,5.5,2,L3,41,3.8,10,2020-10-02,High
EMP0411,Casey Clark,Product,EMP0008,6.4,4,L2,39,1.9,15,2019-11-08,Medium
EMP0412,Harley Kim,IT,EMP0006,10.7,4,L4,0,6.8,18,2015-07-23,Low
EMP0413,Logan Thomas,Engineering,EMP0009,1.2,3,L3,15,4.0,20,2025-01-18,Medium
EMP0414,Parker Martinez,Product,EMP0019,5.0,3,L1,29,5.0,18,2021-04-02,Medium
EMP0415,Alex Lee,Operations,EMP0013,1.7,3,L1,41,1.2,20,2024-07-20,High
EMP0416,Cameron Anderson,IT,EMP0017,9.6,5,L2,40,3.7,17,2016-08-27,High
EMP0417,Kendall Jackson,Design,EMP0020,10.0,4,L2,29,4.0,14,2016-04-03,Low
EMP0418,Kendall Patel,Sales,EMP0012,1.6,4,L3,14,1.0,14,2024-08-25,Low
EMP0419,Drew Patel,People,EMP0014,0.8,3,L2,8,8.4,9,2025-06-13,Low
EMP0420,Jordan Lewis,Marketing,EMP0007,11.2,3,L1,29,8.4,16,2015-01-22,Medium
EMP0421,Skyler Johnson,Finance,EMP0017,1.7,5,L5,29,6.9,3,2024-07-20,Low
EMP0422,Bailey Garcia,Finance,EMP0017,6.8,3,L3,37,5.3,8,2019-06-15,Low
EMP0423,Quinn Thomas,Operations,EMP0017,1.5,4,L2,38,8.9,10,2024-10-01,Low
EMP0424,Blake Clark,Operations,EMP0005,11.6,5,L3,28,8.2,19,2014-08-28,Medium
EMP0425,Peyton Anderson,Legal,EMP0007,10.4,4,L3,35,6.7,12,2015-11-09,Low
EMP0426,Kendall Patel,IT,EMP0006,11.1,2,L3,45,6.9,13,2015-02-27,Medium
EMP0427,Phoenix Smith,IT,EMP0014,9.2,4,L2,37,6.1,16,2017-01-21,Medium
EMP0428,Blake Davis,Legal,EMP0002,6.4,1,L2,9,1.5,8,2019-11-08,Medium
EMP0429,Morgan Young,Engineering,EMP0018,2.0,2,L2,18,2.8,17,2024-04-01,High
EMP0430,Kendall Johnson,Operations,EMP0018,10.5,4,L2,14,7.7,12,2015-10-04,Low
EMP0431,Drew Young,Engineering,EMP0018,11.1,3,L1,43,3.8,11,2015-02-27,Medium
EMP0432,River Nguyen,Design,EMP0012,10.5,5,L3,28,8.5,9,2015-10-04,Low
EMP0433,Finley Davis,IT,EMP0006,3.7,3,L1,43,1.7,4,2022-07-21,Medium
EMP0434,Jordan Garcia,Marketing,EMP0001,6.8,2,L2,37,8.6,7,2019-06-15,Medium
EMP0435,Sage Lee,Product,EMP0010,11.2,4,L4,40,6.5,20,2015-01-22,Medium
EMP0436,Finley Clark,People,EMP0017,9.5,3,L4,14,9.6,8,2016-10-03,Low
EMP0437,River Young,Marketing,EMP0011,6.6,2,L2,14,9.0,9,2019-08-27,Low
EMP0438,Avery Young,People,EMP0001,6.5,5,L3,48,9.8,17,2019-10-03,Medium
EMP0439,Reese Davis,Operations,EMP0011,11.0,3,L5,2,7.1,6,2015-04-04,Low
EMP0440,Hayden Johnson,IT,EMP0012,6.6,3,L4,33,8.4,17,2019-08-27,Medium
EMP0441,Dakota Smith,Finance,EMP0004,3.8,4,L5,20,5.6,20,2022-06-14,Low
EMP0442,Logan Lee,People,EMP0014,7.6,3,L2,40,8.0,16,2018-08-27,Medium
EMP0443,Phoenix Davis,People,EMP0002,9.0,3,L1,29,7.5,8,2017-04-03,Low
EMP0444,Finley Martinez,Operations,EMP0014,6.8,4,L2,14,9.2,15,2019-06-15,Low
EMP0445,Kendall Lee,People,EMP0020,0.5,4,L4,34,1.1,4,2025-10-01,High
EMP0446,Reese Thomas,Design,EMP0010,4.5,3,L1,18,8.1,17,2021-10-02,Low
EMP0447,Blake Garcia,Operations,EMP0005,9.9,1,L4,10,5.8,20,2016-05-10,Medium
EMP0448,Morgan Johnson,IT,EMP0001,3.8,5,L4,46,6.8,7,2022-06-14,Low
EMP0449,Drew Moore,Sales,EMP0003,0.4,4,L2,34,5.9,14,2025-11-06,Medium
EMP0450,Morgan Kim,Design,EMP0008,10.9,5,L4,9,2.4,9,2015-05-11,Low
EMP0451,Blake Lee,Product,EMP0018,8.2,4,L3,3,8.7,5,2018-01-21,Low
EMP0452,Morgan Wilson,Marketing,EMP0011,3.2,3,L1,37,5.4,10,2023-01-19,Low
EMP0453,Emerson Lewis,Design,EMP0011,7.5,5,L3,20,5.4,7,2018-10-03,Low
EMP0454,Quinn Anderson,Legal,EMP0011,4.6,3,L4,27,2.5,16,2021-08-27,High
EMP0455,Riley Young,Sales,EMP0012,1.9,4,L2,30,5.2,6,2024-05-08,Low
EMP0456,Bailey Lee,Sales,EMP0007,1.3,3,L3,8,9.0,5,2024-12-13,Low
EMP0457,Remy Johnson,Design,EMP0019,10.7,4,L2,40,1.3,9,2015-07-23,Medium
EMP0458,Casey Jackson,Marketing,EMP0005,6.8,3,L2,34,5.2,12,2019-06-15,Low
EMP0459,Casey Jackson,Design,EMP0008,6.2,2,L3,23,5.5,19,2020-01-20,Medium
EMP0460,Avery White,Product,EMP0005,2.2,4,L5,36,6.9,4,2024-01-19,Low
EMP0461,Reese White,IT,EMP0007,3.0,3,L5,14,1.4,14,2023-04-02,Low
EMP0462,Logan Davis,People,EMP0011,11.0,5,L3,2,9.8,19,2015-04-04,Low
EMP0463,Skyler Davis,Operations,EMP0013,10.1,3,L2,34,6.1,5,2016-02-27,Low
EMP0464,Skyler Garcia,Product,EMP0012,4.7,5,L4,33,4.7,3,2021-07-21,Low
EMP0465,Rowan Patel,Finance,EMP0007,5.4,3,L1,32,6.8,14,2020-11-07,Low
EMP0466,Logan Moore,Product,EMP0016,8.0,3,L2,21,7.5,8,2018-04-03,Low
EMP0467,Jordan Kim,IT,EMP0005,0.6,1,L1,36,6.3,7,2025-08-25,High
EMP0468,Taylor Nguyen,Engineering,EMP0019,3.3,3,L4,25,6.4,12,2022-12-14,Low
EMP0469,Rowan Harris,Design,EMP0014,5.6,5,L1,30,2.5,8,2020-08-27,Medium
EMP0470,Reese Garcia,Design,EMP0020,3.4,4,L1,21,9.3,15,2022-11-07,Low
EMP0471,Ellis Young,Design,EMP0005,1.6,3,L1,32,7.2,18,2024-08-25,Medium
EMP0472,Ellis Young,People,EMP0004,7.3,5,L2,34,5.5,7,2018-12-15,Low
EMP0473,Kendall Harris,Operations,EMP0017,6.6,1,L2,43,6.8,4,2019-08-27,Medium
EMP0474,Finley Garcia,Marketing,EMP0013,5.3,5,L3,30,8.1,6,2020-12-14,Low
EMP0475,Kendall Smith,Operations,EMP0018,3.3,4,L2,5,3.5,3,2022-12-14,Low
EMP0476,Casey Moore,Marketing,EMP0007,7.1,2,L2,0,4.4,6,2019-02-26,Low
EMP0477,River Nguyen,Design,EMP0012,7.9,3,L2,34,4.8,15,2018-05-10,Low
EMP0478,Emerson Anderson,IT,EMP0018,5.1,4,L2,30,2.6,12,2021-02-25,Medium
EMP0479,Morgan Nguyen,Legal,EMP0004,9.4,3,L2,8,8.7,8,2016-11-08,Low
EMP0480,Phoenix Lee,Finance,EMP0002,6.2,4,L2,35,6.5,3,2020-01-20,Low
EMP0481,Rowan Johnson,Sales,EMP0003,9.9,3,L2,38,4.9,5,2016-05-10,Low
EMP0482,River Kim,Sales,EMP0017,8.8,5,L3,25,6.5,4,2017-06-15,Low
EMP0483,Skyler Brown,Sales,EMP0017,7.8,3,L1,12,8.7,19,2018-06-15,Low
EMP0484,River Thomas,Finance,EMP0001,7.5,4,L1,23,3.2,11,2018-10-03,Low
EMP0485,Blake Clark,People,EMP0001,4.4,3,L5,37,2.8,20,2021-11-07,High
EMP0486,Quinn Kim,Product,EMP0007,11.0,3,L5,17,3.0,3,2015-04-04,Low
EMP0487,Ellis Clark,People,EMP0011,5.1,2,L4,4,5.5,11,2021-02-25,Low
EMP0488,River Martinez,Design,EMP0013,9.8,4,L2,44,5.0,10,2016-06-15,Low
EMP0489,Reese Brown,Product,EMP0001,11.5,3,L1,29,9.1,5,2014-10-04,Low
EMP0490,Avery Wilson,IT,EMP0012,8.2,3,L3,20,4.7,11,2018-01-21,Low
EMP0491,Ellis Lewis,Product,EMP0006,1.4,4,L2,21,1.7,9,2024-11-07,Medium
EMP0492,Bailey Brown,Product,EMP0007,3.4,5,L3,43,9.4,10,2022-11-07,Low
EMP0493,Morgan Lee,Marketing,EMP0020,10.5,3,L1,12,8.5,6,2015-10-04,Low
EMP0494,Rowan Martinez,Engineering,EMP0018,8.2,4,L4,39,1.1,14,2018-01-21,Medium
EMP0495,Quinn Thomas,Finance,EMP0016,6.1,5,L5,36,8.8,19,2020-02-26,Medium
EMP0496,Skyler Anderson,Product,EMP0014,2.9,4,L5,3,5.7,4,2023-05-09,Low
EMP0497,Alex Nguyen,IT,EMP0004,4.9,4,L2,11,5.1,3,2021-05-09,Low
EMP0498,Quinn White,Finance,EMP0009,4.7,2,L3,23,6.5,10,2021-07-21,Low
EMP0499,Sage Thomas,Operations,EMP0007,11.5,3,L3,11,5.5,14,2014-10-04,Low
EMP0500,Dakota Moore,People,EMP0008,3.6,3,L3,8,9.8,10,2022-08-26,Low
EMP0501,Ellis Harris,Finance,EMP0001,10.3,3,L2,47,2.3,7,2015-12-16,Medium
EMP0502,Kendall Kim,Design,EMP0018,6.5,3,L1,31,3.7,6,2019-10-03,Medium
EMP0503,Sage Anderson,Product,EMP0004,1.0,4,L3,30,8.6,11,2025-04-01,Medium
EMP0504,Emerson Lewis,People,EMP0014,6.9,5,L2,16,4.1,9,2019-05-10,Low
EMP0505,Ellis Lee,Product,EMP0017,7.9,3,L4,18,4.2,17,2018-05-10,Low
EMP0506,Harley Lee,Marketing,EMP0006,4.8,3,L2,40,9.6,15,2021-06-14,Low
EMP0507,Quinn Jackson,Sales,EMP0010,1.2,3,L3,20,3.9,15,2025-01-18,Medium
EMP0508,Casey Brown,Operations,EMP0015,9.4,5,L1,47,6.3,3,2016-11-08,Low
EMP0509,Taylor White,Finance,EMP0007,8.0,5,L2,44,7.7,6,2018-04-03,Low
EMP0510,Taylor Thomas,People,EMP0003,6.7,1,L2,25,5.7,7,2019-07-22,Medium
EMP0511,Alex Johnson,Finance,EMP0005,3.9,3,L3,18,5.0,8,2022-05-09,Low
EMP0512,Parker Garcia,IT,EMP0015,8.1,5,L5,20,8.8,20,2018-02-26,Low
EMP0513,Blake Anderson,Design,EMP0015,11.6,4,L2,11,6.3,20,2014-08-28,Low
EMP0514,Alex Smith,Operations,EMP0012,5.9,3,L2,5,5.0,12,2020-05-09,Low
EMP0515,River White,IT,EMP0016,6.4,4,L1,8,4.1,18,2019-11-08,Low
EMP0516,Ellis Clark,IT,EMP0001,3.8,4,L2,18,6.4,16,2022-06-14,Low
EMP0517,Finley Brown,Operations,EMP0013,5.4,3,L2,45,7.6,5,2020-11-07,Low
EMP0518,Phoenix Davis,Sales,EMP0009,6.3,4,L3,39,8.3,20,2019-12-15,Medium
EMP0519,Kendall Young,Product,EMP0004,5.1,5,L3,11,2.2,11,2021-02-25,Low
EMP0520,Blake Davis,Engineering,EMP0018,6.1,3,L1,9,1.4,6,2020-02-26,Low
EMP0521,Finley Wilson,Engineering,EMP0005,1.8,3,L2,0,3.1,13,2024-06-13,Low
EMP0522,Jordan Davis,Marketing,EMP0002,9.5,3,L1,23,5.2,7,2016-10-03,Low
EMP0523,River Brown,Operations,EMP0009,9.4,2,L4,30,2.6,6,2016-11-08,High
EMP0524,Skyler Nguyen,Legal,EMP0002,4.8,5,L2,15,7.6,6,2021-06-14,Low
EMP0525,Skyler Patel,Engineering,EMP0006,5.8,4,L3,19,9.4,20,2020-06-14,Low
EMP0526,Logan Moore,Legal,EMP0002,3.3,4,L5,12,4.2,10,2022-12-14,Low
EMP0527,Emerson White,Legal,EMP0013,4.1,3,L1,17,6.3,4,2022-02-25,Low
EMP0528,Remy Johnson,People,EMP0016,8.4,3,L3,5,3.2,13,2017-11-08,Low
EMP0529,Dakota Anderson,Finance,EMP0004,1.0,4,L2,44,5.8,13,2025-04-01,Medium
EMP0530,Ellis Johnson,Marketing,EMP0013,9.7,3,L3,12,1.2,11,2016-07-22,Low
EMP0531,Sage Martinez,Legal,EMP0016,6.0,3,L3,18,5.9,20,2020-04-02,Low
EMP0532,Parker Wilson,Finance,EMP0018,8.9,3,L1,38,9.2,7,2017-05-10,Low
EMP0533,Rowan Anderson,Operations,EMP0017,9.9,3,L3,29,1.0,3,2016-05-10,Medium
EMP0534,River Clark,Operations,EMP0018,9.4,3,L1,46,1.6,18,2016-11-08,High
EMP0535,Jordan Garcia,People,EMP0004,2.1,3,L3,26,6.8,5,2024-02-25,Low
EMP0536,Peyton White,Engineering,EMP0004,2.4,1,L3,6,5.4,15,2023-11-07,Low
EMP0537,Remy Nguyen,Design,EMP0008,6.5,4,L3,16,1.4,3,2019-10-03,Low
EMP0538,Sloane Anderson,Marketing,EMP0002,8.0,5,L3,5,5.2,16,2018-04-03,Low
EMP0539,Drew Harris,People,EMP0002,9.6,2,L4,39,3.4,5,2016-08-27,High
EMP0540,Dakota Clark,IT,EMP0007,1.4,4,L3,34,4.5,8,2024-11-07,Medium
EMP0541,Phoenix Kim,Operations,EMP0015,5.2,2,L4,40,6.2,8,2021-01-19,Medium
EMP0542,Dakota Martinez,Product,EMP0020,6.7,3,L5,42,2.4,13,2019-07-22,Medium
EMP0543,Drew Thomas,Design,EMP0011,10.2,3,L2,40,4.9,20,2016-01-22,Medium
EMP0544,Bailey Johnson,Product,EMP0015,9.3,5,L5,16,4.2,3,2016-12-15,Low
EMP0545,Drew Martinez,Engineering,EMP0010,11.8,4,L2,33,2.2,10,2014-06-16,Medium
EMP0546,Morgan Johnson,IT,EMP0018,0.6,4,L3,44,8.4,7,2025-08-25,Medium
EMP0547,Taylor Lewis,Legal,EMP0019,5.7,3,L2,16,4.3,12,2020-07-21,Low
EMP0548,Rowan Wilson,Product,EMP0011,5.0,5,L1,46,1.7,6,2021-04-02,Medium
EMP0549,Finley Patel,Marketing,EMP0002,0.7,4,L2,24,1.7,16,2025-07-20,High
EMP0550,Jordan Martinez,Operations,EMP0001,10.5,3,L1,41,8.6,19,2015-10-04,Medium
EMP0551,Parker Young,Engineering,EMP0005,6.6,2,L3,32,7.3,15,2019-08-27,Medium
EMP0552,Hayden Lewis,Finance,EMP0013,7.0,2,L1,27,3.6,5,2019-04-03,High
EMP0553,River Garcia,Operations,EMP0017,9.0,3,L4,16,1.8,7,2017-04-03,Low
EMP0554,Avery Brown,IT,EMP0007,5.9,3,L3,25,6.9,19,2020-05-09,Medium
EMP0555,Finley Anderson,People,EMP0019,1.1,4,L1,20,7.2,16,2025-02-24,Medium
EMP0556,Rowan Garcia,Finance,EMP0010,4.4,3,L5,38,6.9,17,2021-11-07,Medium
EMP0557,Morgan Johnson,Finance,EMP0012,5.5,5,L4,14,2.8,5,2020-10-02,Low
EMP0558,Blake Jackson,Engineering,EMP0010,3.1,4,L2,9,8.8,6,2023-02-25,Low
EMP0559,Dakota White,IT,EMP0007,5.8,3,L3,47,5.8,11,2020-06-14,Low
EMP0560,Jordan Davis,Operations,EMP0001,7.6,5,L3,44,7.3,19,2018-08-27,Medium
EMP0561,Taylor Thomas,Product,EMP0002,2.3,3,L3,44,6.6,3,2023-12-14,Low
EMP0562,Avery Thomas,Engineering,EMP0004,8.0,4,L2,42,4.2,15,2018-04-03,Low
EMP0563,Skyler Jackson,IT,EMP0020,6.2,4,L1,20,5.4,9,2020-01-20,Low
EMP0564,Bailey Kim,Sales,EMP0017,6.9,4,L2,2,3.2,15,2019-05-10,Low
EMP0565,Logan Davis,IT,EMP0008,0.5,4,L2,22,6.6,4,2025-10-01,Low
EMP0566,Peyton Garcia,Legal,EMP0009,10.6,5,L1,1,9.5,15,2015-08-28,Low
EMP0567,Finley Wilson,Operations,EMP0008,1.3,3,L2,43,6.5,7,2024-12-13,Medium
EMP0568,Harley Garcia,Design,EMP0005,10.9,3,L3,34,2.2,9,2015-05-11,Medium
EMP0569,Cameron Lee,Finance,EMP0014,3.9,4,L3,33,9.2,8,2022-05-09,Low
EMP0570,Finley Wilson,Engineering,EMP0005,6.8,5,L4,7,2.7,16,2019-06-15,Medium
EMP0571,Casey Kim,Finance,EMP0009,5.5,5,L4,40,9.4,6,2020-10-02,Low
EMP0572,Avery Smith,Design,EMP0019,0.6,5,L2,39,3.4,10,2025-08-25,High
EMP0573,Riley Thomas,Product,EMP0020,4.5,4,L3,30,2.2,14,2021-10-02,Medium
EMP0574,Avery Nguyen,Engineering,EMP0014,6.0,2,L5,12,3.0,16,2020-04-02,High
EMP0575,Finley Thomas,Marketing,EMP0016,9.2,2,L4,28,8.8,10,2017-01-21,Medium
EMP0576,Skyler Johnson,Design,EMP0013,9.4,4,L5,24,7.5,20,2016-11-08,Low
EMP0577,Dakota Thomas,IT,EMP0008,6.4,3,L3,2,8.9,4,2019-11-08,Low
EMP0578,Parker Kim,Operations,EMP0015,6.3,4,L4,3,2.7,12,2019-12-15,Low
EMP0579,Taylor Harris,Product,EMP0005,5.2,4,L4,3,7.2,17,2021-01-19,Low
EMP0580,Riley Jackson,Operations,EMP0013,1.6,4,L2,44,5.9,3,2024-08-25,Low
EMP0581,Kendall Patel,Sales,EMP0003,7.2,4,L2,12,8.9,8,2019-01-20,Low
EMP0582,Rowan Kim,Operations,EMP0017,1.4,4,L3,40,4.3,19,2024-11-07,High
EMP0583,Riley Johnson,Finance,EMP0019,4.7,3,L1,10,9.2,7,2021-07-21,Low
EMP0584,Alex Young,People,EMP0006,5.2,3,L4,28,3.6,9,2021-01-19,Medium
EMP0585,Avery Nguyen,Engineering,EMP0018,9.3,1,L3,31,8.7,18,2016-12-15,High
EMP0586,Quinn Young,Design,EMP0020,7.2,3,L1,26,5.0,20,2019-01-20,Medium
EMP0587,Casey Johnson,Engineering,EMP0005,7.7,4,L3,13,1.4,4,2018-07-22,Low
EMP0588,Riley Wilson,Engineering,EMP0003,8.1,4,L1,19,4.0,8,2018-02-26,Low
EMP0589,Remy Johnson,Finance,EMP0018,7.4,4,L5,38,6.2,14,2018-11-08,Low
EMP0590,Blake White,Operations,EMP0003,1.4,3,L4,23,9.1,5,2024-11-07,Low
EMP0591,Rowan Johnson,IT,EMP0014,1.9,4,L2,17,4.0,9,2024-05-08,Low
EMP0592,Finley Young,Product,EMP0003,1.6,4,L3,40,5.8,12,2024-08-25,Low
EMP0593,Skyler White,Finance,EMP0012,10.2,3,L3,36,10.0,18,2016-01-22,Medium
EMP0594,Parker Patel,Legal,EMP0010,6.1,3,L1,39,3.1,3,2020-02-26,Medium
EMP0595,Phoenix Nguyen,Engineering,EMP0014,8.9,3,L2,39,10.0,20,2017-05-10,Medium
EMP0596,Cameron Smith,Sales,EMP0003,0.4,3,L2,18,3.3,20,2025-11-06,High
EMP0597,Cameron Martinez,Engineering,EMP0020,1.6,3,L4,25,7.5,9,2024-08-25,Low
EMP0598,Ellis Clark,Product,EMP0005,11.1,3,L1,30,8.2,17,2015-02-27,Medium
EMP0599,Dakota Clark,IT,EMP0002,10.8,3,L2,26,9.4,13,2015-06-16,Low
EMP0600,Sloane Smith,People,EMP0012,0.5,4,L5,21,8.2,11,2025-10-01,Low
EMP0601,Harley Wilson,Design,EMP0019,4.3,3,L2,34,8.6,6,2021-12-14,Low
EMP0602,Parker Wilson,Product,EMP0003,8.6,3,L4,2,3.4,14,2017-08-27,Low
EMP0603,Skyler Smith,Legal,EMP0002,2.8,3,L5,7,4.4,17,2023-06-15,Low
EMP0604,Casey Patel,IT,EMP0016,9.6,5,L2,9,2.7,13,2016-08-27,Low
EMP0605,Morgan Smith,Engineering,EMP0007,9.9,5,L2,43,9.9,19,2016-05-10,Medium
EMP0606,Skyler Wilson,Product,EMP0011,3.9,1,L4,38,8.8,6,2022-05-09,Medium
EMP0607,Dakota Martinez,Legal,EMP0011,0.6,4,L1,40,9.0,11,2025-08-25,Medium
EMP0608,Skyler Patel,People,EMP0009,9.3,4,L1,17,2.3,20,2016-12-15,Medium
EMP0609,Blake Young,Design,EMP0010,2.7,3,L2,20,3.4,5,2023-07-21,Low
EMP0610,Taylor Moore,Engineering,EMP0016,10.7,3,L1,3,2.2,4,2015-07-23,Low
EMP0611,Sloane Nguyen,Design,EMP0015,4.9,4,L2,37,6.7,13,2021-05-09,Low
EMP0612,Morgan Jackson,Design,EMP0015,8.6,4,L1,34,1.7,17,2017-08-27,High
EMP0613,Remy Anderson,Finance,EMP0008,3.9,4,L4,29,5.2,11,2022-05-09,Low
EMP0614,Hayden Patel,Product,EMP0011,4.9,4,L2,42,4.0,5,2021-05-09,Low
EMP0615,Morgan Thomas,Design,EMP0012,4.4,3,L3,10,3.5,19,2021-11-07,Medium
EMP0616,Emerson Moore,Sales,EMP0003,9.9,4,L3,20,6.0,15,2016-05-10,Low
EMP0617,Phoenix Moore,People,EMP0013,3.1,3,L2,10,9.8,16,2023-02-25,Low
EMP0618,Emerson Young,Design,EMP0003,6.9,3,L4,44,3.1,6,2019-05-10,Medium
EMP0619,Cameron White,People,EMP0013,5.7,4,L3,28,2.6,15,2020-07-21,Medium
EMP0620,Parker Clark,Engineering,EMP0019,7.8,2,L4,13,8.4,7,2018-06-15,Low
EMP0621,Remy Moore,Sales,EMP0011,3.7,4,L3,28,2.8,12,2022-07-21,Medium
EMP0622,Harley Wilson,IT,EMP0020,8.7,5,L2,5,6.2,7,2017-07-22,Low
EMP0623,Harley Smith,Marketing,EMP0018,1.0,5,L1,3,1.0,12,2025-04-01,Medium
EMP0624,Drew Kim,Operations,EMP0013,3.1,4,L2,25,6.6,20,2023-02-25,Medium
EMP0625,Casey Smith,Operations,EMP0012,5.9,3,L1,24,8.6,7,2020-05-09,Low
EMP0626,Harley Jackson,Finance,EMP0014,1.1,1,L1,46,9.0,16,2025-02-24,High
EMP0627,Reese Anderson,IT,EMP0015,10.8,4,L2,27,6.6,17,2015-06-16,Medium
EMP0628,Emerson Anderson,IT,EMP0008,2.9,3,L2,0,6.2,20,2023-05-09,Low
EMP0629,Casey Harris,Design,EMP0004,0.7,1,L2,30,7.3,5,2025-07-20,High
EMP0630,Avery White,IT,EMP0003,11.8,5,L4,17,5.2,5,2014-06-16,Low
EMP0631,Ellis Martinez,Design,EMP0018,7.7,4,L2,42,1.7,4,2018-07-22,Medium
EMP0632,Sage Wilson,Design,EMP0016,6.6,1,L3,29,5.6,16,2019-08-27,High
EMP0633,Emerson Kim,Sales,EMP0019,3.7,1,L1,38,7.7,18,2022-07-21,High
EMP0634,Casey Harris,Engineering,EMP0020,7.0,4,L2,18,8.3,5,2019-04-03,Low
EMP0635,Bailey Patel,Sales,EMP0009,1.2,4,L4,16,2.2,3,2025-01-18,Medium
EMP0636,Phoenix Brown,Marketing,EMP0015,7.4,5,L4,47,2.4,11,2018-11-08,Medium
EMP0637,Sloane White,Finance,EMP0003,6.0,4,L3,2,4.1,7,2020-04-02,Low
EMP0638,Jordan Davis,Finance,EMP0015,9.1,3,L2,24,3.1,14,2017-02-26,Low
EMP0639,Avery Thomas,Sales,EMP0016,9.1,2,L2,10,5.2,20,2017-02-26,Medium
EMP0640,Reese Martinez,Engineering,EMP0014,8.3,3,L2,16,2.3,17,2017-12-15,Medium
EMP0641,Rowan Davis,Marketing,EMP0018,11.6,4,L5,2,1.9,16,2014-08-28,Medium
EMP0642,Bailey Lewis,Operations,EMP0019,4.2,3,L2,6,3.3,10,2022-01-19,Low
EMP0643,Sloane Lee,Marketing,EMP0006,9.3,3,L3,43,7.2,3,2016-12-15,Low
EMP0644,Drew Johnson,Legal,EMP0012,0.4,2,L3,6,7.2,11,2025-11-06,Medium
EMP0645,Taylor Young,Design,EMP0007,0.6,2,L3,38,6.9,6,2025-08-25,High
EMP0646,Blake Jackson,People,EMP0006,1.8,4,L3,41,6.1,11,2024-06-13,Low
EMP0647,Quinn Kim,Operations,EMP0009,8.0,2,L3,29,9.3,13,2018-04-03,Medium
EMP0648,Riley Jackson,Engineering,EMP0011,9.4,3,L2,3,4.4,11,2016-11-08,Low
EMP0649,River Moore,Product,EMP0006,1.1,5,L1,12,6.5,20,2025-02-24,Medium
EMP0650,River Jackson,Engineering,EMP0004,2.9,4,L1,28,7.4,11,2023-05-09,Low
EMP0651,Ellis Thomas,Operations,EMP0002,0.5,3,L2,41,6.8,13,2025-10-01,Medium
EMP0652,Reese White,People,EMP0013,7.0,3,L3,31,5.3,3,2019-04-03,Low
EMP0653,Sage Clark,Operations,EMP0010,1.7,3,L1,22,4.0,5,2024-07-20,Low
EMP0654,Reese Nguyen,Legal,EMP0010,10.3,3,L1,29,7.8,4,2015-12-16,Low
EMP0655,Bailey Nguyen,Product,EMP0012,3.8,3,L1,6,6.7,17,2022-06-14,Low
EMP0656,Logan Wilson,Product,EMP0008,1.9,3,L2,46,10.0,20,2024-05-08,Medium
EMP0657,Phoenix Johnson,Engineering,EMP0001,6.1,5,L2,28,9.7,13,2020-02-26,Low
EMP0658,Remy Lee,IT,EMP0015,5.0,3,L1,41,7.0,10,2021-04-02,Low
EMP0659,Alex Kim,Engineering,EMP0020,0.7,2,L2,41,1.2,7,2025-07-20,High
EMP0660,Morgan White,Design,EMP0006,7.7,5,L1,6,5.1,6,2018-07-22,Low
EMP0661,Cameron Patel,Marketing,EMP0014,7.3,4,L4,4,8.2,15,2018-12-15,Low
EMP0662,Taylor Patel,Engineering,EMP0007,11.7,4,L3,8,3.9,13,2014-07-23,Low
EMP0663,Casey Patel,Finance,EMP0018,3.5,4,L2,10,7.3,4,2022-10-02,Low
EMP0664,Riley Lee,Product,EMP0001,9.6,4,L1,24,8.0,3,2016-08-27,Low
EMP0665,Skyler Jackson,Finance,EMP0016,8.6,4,L2,18,4.7,11,2017-08-27,Low
EMP0666,Logan Wilson,Finance,EMP0020,5.1,5,L3,39,7.2,5,2021-02-25,Low
EMP0667,Skyler Brown,People,EMP0017,4.4,1,L3,15,2.7,20,2021-11-07,High
EMP0668,Hayden Kim,People,EMP0007,5.7,4,L4,13,3.5,18,2020-07-21,Medium
EMP0669,Rowan Jackson,Legal,EMP0010,2.2,5,L2,3,6.8,13,2024-01-19,Low
EMP0670,Ellis Brown,Product,EMP0001,0.8,4,L3,34,2.6,5,2025-06-13,High
EMP0671,Avery Patel,Legal,EMP0011,8.7,4,L4,20,4.8,13,2017-07-22,Low
EMP0672,Jordan Moore,People,EMP0008,3.1,3,L2,12,4.4,18,2023-02-25,Low
EMP0673,Logan Anderson,Finance,EMP0012,2.0,5,L2,29,2.6,9,2024-04-01,Medium
EMP0674,Harley Jackson,Engineering,EMP0019,11.7,3,L2,8,1.3,6,2014-07-23,Low
EMP0675,Emerson Clark,Design,EMP0010,5.7,3,L1,21,3.0,8,2020-07-21,Low
EMP0676,Quinn Smith,Design,EMP0007,10.3,2,L2,33,5.4,17,2015-12-16,High
EMP0677,Remy Lewis,Design,EMP0014,8.8,4,L2,15,3.2,7,2017-06-15,Low
EMP0678,Reese White,IT,EMP0016,10.8,3,L1,2,1.4,19,2015-06-16,Medium
EMP0679,Kendall Moore,People,EMP0008,9.8,4,L3,6,5.1,3,2016-06-15,Low
EMP0680,Riley Jackson,Engineering,EMP0003,11.4,2,L2,18,3.2,12,2014-11-09,Medium
EMP0681,Riley Anderson,Finance,EMP0015,10.3,4,L4,1,9.8,15,2015-12-16,Low
EMP0682,Skyler Johnson,Operations,EMP0003,7.6,4,L4,0,8.7,13,2018-08-27,Low
EMP0683,Rowan Martinez,Design,EMP0018,3.8,4,L4,44,9.5,5,2022-06-14,Low
EMP0684,Rowan Johnson,People,EMP0002,8.9,2,L2,43,4.3,17,2017-05-10,High
EMP0685,Avery Clark,Legal,EMP0018,4.6,3,L1,35,7.3,13,2021-08-27,Low
EMP0686,Skyler Moore,Legal,EMP0007,1.6,3,L2,48,6.2,11,2024-08-25,Low
EMP0687,Kendall Clark,IT,EMP0017,3.5,2,L4,22,5.1,18,2022-10-02,Medium
EMP0688,Taylor Lee,People,EMP0012,8.2,3,L1,18,5.1,17,2018-01-21,Low
EMP0689,Casey Nguyen,People,EMP0009,4.9,3,L3,4,2.0,18,2021-05-09,Medium
EMP0690,Parker Smith,Finance,EMP0018,6.4,4,L2,18,4.7,16,2019-11-08,Low
EMP0691,Logan Martinez,Marketing,EMP0017,3.7,2,L2,14,8.5,13,2022-07-21,Low
EMP0692,Ellis Wilson,Product,EMP0015,6.0,4,L2,33,8.6,7,2020-04-02,Low
EMP0693,Parker Kim,Engineering,EMP0010,2.3,3,L1,30,4.3,12,2023-12-14,Low
EMP0694,Jordan Martinez,Finance,EMP0006,7.5,3,L1,34,3.6,6,2018-10-03,Medium
EMP0695,Casey Anderson,Engineering,EMP0018,7.0,3,L3,23,2.7,14,2019-04-03,Low
EMP0696,Parker Martinez,Operations,EMP0001,5.5,5,L5,34,3.7,7,2020-10-02,Medium
EMP0697,River Lewis,Sales,EMP0011,2.1,5,L2,34,9.8,12,2024-02-25,Low
EMP0698,Ellis Johnson,Marketing,EMP0015,8.1,4,L3,46,9.2,18,2018-02-26,Medium
EMP0699,Cameron Johnson,Legal,EMP0020,1.9,4,L2,19,1.2,5,2024-05-08,Low
EMP0700,Harley Jackson,Legal,EMP0009,7.4,3,L1,33,3.0,20,2018-11-08,High
EMP0701,Jordan Anderson,Marketing,EMP0016,8.2,5,L3,32,4.5,19,2018-01-21,Medium
EMP0702,Blake Jackson,Engineering,EMP0012,5.0,4,L2,27,4.3,14,2021-04-02,Low
EMP0703,Bailey Moore,Product,EMP0014,10.5,2,L2,46,9.0,16,2015-10-04,High
EMP0704,Cameron Lee,Product,EMP0010,1.9,4,L5,5,2.3,19,2024-05-08,Medium
EMP0705,Parker Lewis,Sales,EMP0014,11.2,4,L2,24,1.8,20,2015-01-22,Medium
EMP0706,Sloane Lewis,IT,EMP0010,9.1,2,L2,11,8.5,12,2017-02-26,Low
EMP0707,Morgan Wilson,Finance,EMP0001,3.9,4,L2,29,3.0,18,2022-05-09,High
EMP0708,Taylor Young,People,EMP0001,5.2,3,L4,44,6.8,18,2021-01-19,Medium
EMP0709,Sage Harris,Product,EMP0009,9.0,4,L5,36,4.9,6,2017-04-03,Low
EMP0710,Sage Kim,Finance,EMP0002,8.9,1,L2,16,2.5,7,2017-05-10,Medium
EMP0711,Logan Lee,Engineering,EMP0012,0.9,3,L2,40,9.2,19,2025-05-08,High
EMP0712,Sloane Wilson,Finance,EMP0020,6.3,4,L3,11,7.9,13,2019-12-15,Low
EMP0713,Casey Harris,Marketing,EMP0019,3.5,4,L4,23,1.9,3,2022-10-02,Low
EMP0714,Avery Nguyen,People,EMP0006,3.6,4,L2,26,4.1,19,2022-08-26,Medium
EMP0715,Finley Jackson,IT,EMP0017,9.6,4,L3,44,8.5,6,2016-08-27,Low
EMP0716,Casey Jackson,Marketing,EMP0016,11.0,2,L2,8,9.3,14,2015-04-04,Low
EMP0717,Avery Garcia,Sales,EMP0006,10.7,4,L1,48,9.7,6,2015-07-23,Low
EMP0718,Kendall Patel,Finance,EMP0007,10.3,2,L5,14,3.8,16,2015-12-16,High
EMP0719,Emerson Johnson,People,EMP0007,1.2,4,L1,48,4.9,19,2025-01-18,High
EMP0720,Emerson Nguyen,People,EMP0001,5.8,5,L4,2,1.6,9,2020-06-14,Low
EMP0721,Harley Harris,Design,EMP0009,2.5,3,L2,5,2.3,8,2023-10-02,Low
EMP0722,Drew Nguyen,Design,EMP0004,9.4,4,L4,32,6.1,19,2016-11-08,Medium
EMP0723,Sage Lewis,Legal,EMP0004,11.6,3,L5,48,5.8,18,2014-08-28,Medium
EMP0724,Avery Moore,Operations,EMP0012,2.5,4,L2,6,2.6,19,2023-10-02,Medium
EMP0725,Kendall Wilson,Finance,EMP0017,1.6,5,L2,7,5.2,14,2024-08-25,Low
EMP0726,Peyton Jackson,Sales,EMP0013,6.8,1,L2,20,5.4,12,2019-06-15,Low
EMP0727,Riley Smith,Product,EMP0003,2.9,3,L5,27,2.7,14,2023-05-09,Medium
EMP0728,Reese Lewis,People,EMP0017,12.0,3,L1,6,4.6,15,2014-04-04,Low
EMP0729,Morgan Brown,Marketing,EMP0007,11.7,4,L2,10,1.6,15,2014-07-23,Low
EMP0730,Sage White,Design,EMP0019,10.1,4,L2,17,7.9,15,2016-02-27,Low
EMP0731,Hayden White,Product,EMP0005,8.1,5,L1,31,5.6,11,2018-02-26,Low
EMP0732,Riley Thomas,People,EMP0002,3.0,5,L2,1,1.9,3,2023-04-02,Low
EMP0733,River White,People,EMP0004,7.4,3,L3,19,6.6,19,2018-11-08,Low
EMP0734,Dakota Smith,Sales,EMP0017,9.6,3,L3,42,5.5,20,2016-08-27,Medium
EMP0735,Parker Jackson,Operations,EMP0004,11.4,1,L2,27,8.9,15,2014-11-09,Medium
EMP0736,Blake Thomas,Finance,EMP0010,0.7,3,L2,42,8.7,7,2025-07-20,Medium
EMP0737,Dakota Kim,IT,EMP0018,6.0,2,L3,43,5.4,18,2020-04-02,High
EMP0738,Cameron Johnson,Design,EMP0013,6.2,3,L3,31,6.3,12,2020-01-20,Low
EMP0739,Reese Patel,Engineering,EMP0019,0.6,1,L4,23,4.1,13,2025-08-25,Medium
EMP0740,Emerson Lee,Legal,EMP0008,5.3,5,L2,26,4.2,12,2020-12-14,Low
EMP0741,Parker Moore,Engineering,EMP0006,11.0,2,L3,19,2.0,4,2015-04-04,Medium
EMP0742,Reese Lewis,Design,EMP0016,6.9,5,L1,17,1.2,13,2019-05-10,Low
EMP0743,Riley Young,Marketing,EMP0007,4.9,4,L2,31,1.9,13,2021-05-09,Medium
EMP0744,Jordan Wilson,IT,EMP0003,3.8,5,L2,12,5.5,11,2022-06-14,Low
EMP0745,Quinn Lee,Design,EMP0003,12.0,3,L1,14,6.6,13,2014-04-04,Low
EMP0746,Finley Clark,Sales,EMP0003,6.9,3,L3,27,2.9,12,2019-05-10,Medium
EMP0747,Logan Harris,IT,EMP0015,4.0,3,L1,16,6.6,3,2022-04-02,Low
EMP0748,Phoenix Young,Sales,EMP0015,10.4,4,L5,13,6.9,20,2015-11-09,Low
EMP0749,Casey Brown,IT,EMP0002,10.3,5,L2,36,7.5,17,2015-12-16,Medium
EMP0750,Logan Nguyen,Marketing,EMP0014,2.1,4,L4,19,8.6,5,2024-02-25,Low
EMP0751,Morgan Garcia,Design,EMP0009,10.2,3,L2,18,6.8,10,2016-01-22,Low
EMP0752,Drew Kim,Operations,EMP0018,2.5,3,L2,19,5.2,4,2023-10-02,Low
EMP0753,Phoenix Smith,Engineering,EMP0006,3.5,1,L5,17,6.9,18,2022-10-02,Medium
EMP0754,Reese Garcia,Operations,EMP0003,0.9,5,L4,20,6.4,5,2025-05-08,Low
EMP0755,Quinn White,Design,EMP0017,3.1,4,L5,32,9.4,19,2023-02-25,Medium
EMP0756,Phoenix Brown,Marketing,EMP0011,10.6,3,L4,7,8.0,15,2015-08-28,Low
EMP0757,Hayden Clark,Product,EMP0009,11.2,3,L2,6,2.6,4,2015-01-22,Low
EMP0758,Sage White,Legal,EMP0016,4.7,5,L5,20,5.9,7,2021-07-21,Low
EMP0759,Kendall Brown,Engineering,EMP0020,8.7,4,L4,1,6.8,4,2017-07-22,Low
EMP0760,Harley Jackson,People,EMP0012,3.3,3,L3,40,9.6,10,2022-12-14,Low
EMP0761,Blake Nguyen,Sales,EMP0009,4.8,5,L1,25,9.3,10,2021-06-14,Low
EMP0762,Sloane White,Engineering,EMP0014,10.4,3,L2,28,6.7,5,2015-11-09,Low
EMP0763,Taylor Anderson,Finance,EMP0004,5.8,3,L3,21,7.5,19,2020-06-14,Low
EMP0764,Logan Jackson,Engineering,EMP0015,5.2,4,L4,35,7.6,8,2021-01-19,Low
EMP0765,Riley Brown,Marketing,EMP0010,9.6,2,L3,25,2.8,6,2016-08-27,High
EMP0766,Parker White,Operations,EMP0020,6.3,5,L4,41,7.9,13,2019-12-15,Low
EMP0767,Sage Kim,Sales,EMP0011,10.5,2,L1,11,7.2,16,2015-10-04,Medium
EMP0768,Remy Lee,IT,EMP0001,4.9,3,L3,36,3.0,10,2021-05-09,Medium
EMP0769,Casey Lee,Operations,EMP0002,11.7,3,L3,44,8.7,11,2014-07-23,Low
EMP0770,Sloane White,Operations,EMP0017,11.5,3,L4,36,2.1,17,2014-10-04,High
EMP0771,Casey Moore,Sales,EMP0009,1.7,4,L3,12,9.5,15,2024-07-20,Low
EMP0772,Alex Wilson,Operations,EMP0007,10.3,4,L1,18,7.5,7,2015-12-16,Low
EMP0773,Taylor Smith,Design,EMP0012,11.7,3,L3,28,9.2,17,2014-07-23,Medium
EMP0774,Taylor Patel,Operations,EMP0007,5.8,5,L3,44,4.6,11,2020-06-14,Low
EMP0775,Alex Davis,Design,EMP0012,6.8,2,L5,15,5.2,4,2019-06-15,Low
EMP0776,Quinn Kim,IT,EMP0005,6.2,3,L1,25,7.0,8,2020-01-20,Low
EMP0777,Morgan Martinez,IT,EMP0011,6.2,5,L2,29,2.2,11,2020-01-20,Medium
EMP0778,Rowan Davis,Sales,EMP0014,0.8,2,L5,17,7.7,11,2025-06-13,Medium
EMP0779,Jordan Nguyen,Finance,EMP0016,6.3,3,L3,10,3.8,17,2019-12-15,Medium
EMP0780,Jordan Jackson,Product,EMP0006,2.0,3,L2,2,5.2,18,2024-04-01,Low
EMP0781,Drew Wilson,Finance,EMP0004,4.5,4,L1,31,5.1,5,2021-10-02,Low
EMP0782,Skyler Lewis,Design,EMP0019,2.4,3,L2,32,8.4,3,2023-11-07,Low
EMP0783,Reese Anderson,Marketing,EMP0004,2.4,5,L1,15,7.9,6,2023-11-07,Low
EMP0784,Parker Davis,Product,EMP0003,7.2,5,L4,20,2.4,18,2019-01-20,Medium
EMP0785,Drew Johnson,Marketing,EMP0015,7.3,1,L5,2,6.9,7,2018-12-15,Low
EMP0786,Quinn Kim,Design,EMP0018,9.7,3,L2,3,7.7,15,2016-07-22,Low
EMP0787,Blake Garcia,Finance,EMP0007,3.1,4,L2,25,1.8,15,2023-02-25,Medium
EMP0788,Sloane Anderson,Design,EMP0010,1.7,3,L1,27,7.6,6,2024-07-20,Low
EMP0789,Phoenix Anderson,Design,EMP0019,6.3,3,L2,24,5.3,16,2019-12-15,Low
EMP0790,Logan Garcia,Marketing,EMP0017,7.5,3,L5,27,1.8,10,2018-10-03,Medium
EMP0791,Blake Garcia,Product,EMP0010,11.2,3,L2,41,5.7,18,2015-01-22,Medium
EMP0792,Dakota Lee,Operations,EMP0017,11.8,4,L2,19,8.6,4,2014-06-16,Low
EMP0793,Sage Davis,Product,EMP0004,11.0,3,L3,32,4.8,11,2015-04-04,Low
EMP0794,Jordan Lee,Finance,EMP0015,7.2,4,L4,1,2.0,15,2019-01-20,Low
EMP0795,Cameron Kim,Product,EMP0015,5.2,4,L3,20,6.3,11,2021-01-19,Low
EMP0796,Reese Patel,Operations,EMP0004,2.8,2,L3,38,3.3,3,2023-06-15,High
EMP0797,Kendall Thomas,Product,EMP0020,0.5,4,L2,29,7.2,14,2025-10-01,Medium
EMP0798,Harley Smith,Engineering,EMP0004,9.7,2,L3,8,1.1,9,2016-07-22,Medium
EMP0799,Casey White,Legal,EMP0018,2.7,4,L1,41,3.2,17,2023-07-21,High
EMP0800,Emerson Brown,Product,EMP0015,5.2,2,L2,9,7.6,17,2021-01-19,Medium
EMP0801,Finley White,People,EMP0001,2.7,4,L3,25,1.5,16,2023-07-21,High
EMP0802,Emerson Young,Product,EMP0002,8.9,4,L2,35,10.0,19,2017-05-10,Medium
EMP0803,Dakota Lee,IT,EMP0002,11.2,5,L1,31,3.1,13,2015-01-22,Medium
EMP0804,Alex Kim,Marketing,EMP0020,3.4,4,L2,30,2.1,16,2022-11-07,High
EMP0805,Remy Young,Legal,EMP0017,3.7,3,L3,22,4.9,13,2022-07-21,Low
EMP0806,Phoenix White,Operations,EMP0010,10.3,4,L5,29,2.2,14,2015-12-16,Medium
EMP0807,Riley Young,Product,EMP0003,9.7,4,L1,39,2.9,9,2016-07-22,Medium
EMP0808,Sage Davis,IT,EMP0007,6.1,4,L1,31,3.7,3,2020-02-26,Medium
EMP0809,Morgan Clark,Marketing,EMP0003,4.5,3,L2,32,1.3,10,2021-10-02,Medium
EMP0810,Harley Harris,IT,EMP0002,2.9,3,L2,21,8.1,7,2023-05-09,Low
EMP0811,Morgan Young,Product,EMP0015,7.4,2,L5,3,9.3,6,2018-11-08,Low
EMP0812,Harley Nguyen,IT,EMP0002,7.4,5,L1,6,8.4,6,2018-11-08,Low
EMP0813,Casey Anderson,Product,EMP0017,11.0,3,L3,18,7.4,6,2015-04-04,Low
EMP0814,Cameron Wilson,Engineering,EMP0014,4.2,2,L2,12,5.0,18,2022-01-19,Medium
EMP0815,Casey Harris,Marketing,EMP0014,6.2,2,L3,23,7.4,10,2020-01-20,Low
EMP0816,Phoenix Anderson,Product,EMP0014,5.2,3,L5,27,4.7,19,2021-01-19,Medium
EMP0817,Reese Kim,People,EMP0017,11.3,3,L1,0,7.5,13,2014-12-16,Low
EMP0818,Blake Moore,Design,EMP0005,5.4,3,L1,2,6.9,19,2020-11-07,Low
EMP0819,Ellis Harris,Marketing,EMP0011,5.0,4,L1,35,8.9,11,2021-04-02,Low
EMP0820,Kendall Anderson,IT,EMP0007,7.4,2,L3,25,5.0,17,2018-11-08,High
EMP0821,Reese Garcia,People,EMP0010,10.7,4,L1,25,8.0,13,2015-07-23,Low
EMP0822,Alex Smith,Sales,EMP0018,6.4,3,L3,13,1.8,8,2019-11-08,Low
EMP0823,Bailey Johnson,Operations,EMP0010,10.7,3,L5,16,3.2,6,2015-07-23,Low
EMP0824,Parker Martinez,People,EMP0002,10.1,3,L2,32,4.2,3,2016-02-27,Low
EMP0825,Blake Lewis,Design,EMP0018,11.8,4,L2,37,6.1,12,2014-06-16,Low
EMP0826,Sloane Anderson,Marketing,EMP0004,8.2,4,L3,33,7.6,9,2018-01-21,Low
EMP0827,Hayden Nguyen,People,EMP0003,5.6,2,L1,27,8.5,7,2020-08-27,Medium
EMP0828,Emerson White,IT,EMP0018,5.5,3,L4,33,4.6,11,2020-10-02,Low
EMP0829,Skyler Garcia,Operations,EMP0016,7.7,5,L4,44,9.4,7,2018-07-22,Low
EMP0830,Hayden Johnson,People,EMP0017,6.0,3,L3,45,5.6,17,2020-04-02,Medium
EMP0831,Morgan Anderson,Design,EMP0004,9.0,5,L4,23,9.3,6,2017-04-03,Low
EMP0832,Alex Garcia,Marketing,EMP0010,7.0,1,L2,9,2.1,18,2019-04-03,High
EMP0833,Alex Patel,Sales,EMP0010,2.0,4,L2,3,9.4,18,2024-04-01,Low
EMP0834,Phoenix Thomas,Sales,EMP0019,6.7,2,L3,2,4.8,13,2019-07-22,Low
EMP0835,Peyton Jackson,IT,EMP0005,5.9,4,L3,38,2.2,17,2020-05-09,High
EMP0836,Cameron Clark,Operations,EMP0020,2.0,4,L2,5,8.2,15,2024-04-01,Low
EMP0837,Dakota Patel,Finance,EMP0003,0.8,4,L3,28,7.6,12,2025-06-13,Medium
EMP0838,Skyler Smith,Design,EMP0002,7.8,2,L3,39,5.9,18,2018-06-15,High
EMP0839,Taylor Clark,Legal,EMP0009,1.7,5,L2,11,9.7,17,2024-07-20,Low
EMP0840,Alex Harris,Marketing,EMP0001,7.4,3,L2,2,5.4,16,2018-11-08,Low
EMP0841,Quinn Lee,Finance,EMP0018,4.0,3,L2,7,9.8,8,2022-04-02,Low
EMP0842,Blake Thomas,Marketing,EMP0020,2.1,5,L1,43,2.5,4,2024-02-25,Medium
EMP0843,Hayden Harris,Engineering,EMP0004,1.5,2,L2,20,3.3,10,2024-10-01,Medium
EMP0844,Hayden Smith,Product,EMP0011,9.1,3,L3,7,3.4,5,2017-02-26,Low
EMP0845,Logan Garcia,People,EMP0019,5.1,3,L2,1,3.4,20,2021-02-25,Medium
EMP0846,Sage Clark,Legal,EMP0017,3.9,3,L4,5,8.6,7,2022-05-09,Low
EMP0847,Sloane Young,Product,EMP0018,11.8,4,L1,34,9.6,17,2014-06-16,Medium
EMP0848,Sage Nguyen,Sales,EMP0016,3.7,5,L3,0,1.5,15,2022-07-21,Low
EMP0849,Reese Patel,Design,EMP0018,7.1,3,L1,2,2.5,5,2019-02-26,Low
EMP0850,Ellis Martinez,Design,EMP0007,10.0,4,L3,17,8.9,13,2016-04-03,Low
EMP0851,Rowan Martinez,Marketing,EMP0008,7.7,5,L2,45,5.1,17,2018-07-22,Medium
EMP0852,Peyton Kim,Product,EMP0020,0.5,4,L1,41,9.3,3,2025-10-01,Medium
EMP0853,Dakota Smith,IT,EMP0013,5.1,5,L1,45,5.4,5,2021-02-25,Low
EMP0854,Reese Kim,Operations,EMP0012,10.7,4,L4,28,7.1,14,2015-07-23,Low
EMP0855,Bailey Smith,Legal,EMP0012,10.1,4,L2,0,2.1,10,2016-02-27,Low
EMP0856,Avery White,Design,EMP0003,9.2,4,L3,45,4.2,10,2017-01-21,Low
EMP0857,Morgan Davis,Legal,EMP0020,11.6,1,L1,31,9.1,15,2014-08-28,Medium
EMP0858,Emerson Garcia,Design,EMP0019,7.0,3,L3,35,2.7,5,2019-04-03,Medium
EMP0859,Kendall Clark,Sales,EMP0017,9.0,2,L1,36,8.7,3,2017-04-03,Medium
EMP0860,Finley Moore,Engineering,EMP0014,7.5,4,L4,29,1.0,13,2018-10-03,Medium
EMP0861,Jordan Davis,Engineering,EMP0017,3.5,4,L4,29,5.5,10,2022-10-02,Low
EMP0862,Bailey Brown,Marketing,EMP0007,11.0,3,L1,20,1.0,3,2015-04-04,Low
EMP0863,Logan Patel,Finance,EMP0007,11.7,3,L2,4,9.3,5,2014-07-23,Low
EMP0864,Avery Martinez,Sales,EMP0011,0.6,3,L2,1,6.3,18,2025-08-25,Medium
EMP0865,Logan Jackson,Design,EMP0003,10.0,4,L3,33,8.1,6,2016-04-03,Low
EMP0866,Phoenix Garcia,Marketing,EMP0013,7.1,2,L4,3,9.3,5,2019-02-26,Low
EMP0867,Dakota Johnson,People,EMP0014,1.0,4,L1,3,3.7,4,2025-04-01,Medium
EMP0868,Parker Thomas,Legal,EMP0014,3.8,3,L4,6,6.6,3,2022-06-14,Low
EMP0869,Emerson Nguyen,Engineering,EMP0011,5.7,3,L2,39,6.6,13,2020-07-21,Low
EMP0870,Quinn Anderson,Design,EMP0007,1.6,1,L1,45,1.6,19,2024-08-25,High
EMP0871,Emerson Moore,Engineering,EMP0005,5.2,4,L1,28,2.7,12,2021-01-19,Medium
EMP0872,Rowan Martinez,Finance,EMP0018,6.3,4,L1,22,3.8,12,2019-12-15,Low
EMP0873,Harley Johnson,Engineering,EMP0005,3.7,5,L2,33,6.3,20,2022-07-21,Medium
EMP0874,Kendall Jackson,People,EMP0007,5.2,3,L2,12,6.8,18,2021-01-19,Low
EMP0875,Riley Patel,Design,EMP0011,7.3,3,L2,37,6.1,13,2018-12-15,Low
EMP0876,Rowan Nguyen,Legal,EMP0001,5.6,4,L3,2,5.5,17,2020-08-27,Low
EMP0877,Sage Smith,Legal,EMP0013,3.1,4,L2,21,8.3,3,2023-02-25,Low
EMP0878,Jordan Smith,Legal,EMP0015,1.2,1,L3,7,2.3,14,2025-01-18,High
EMP0879,Riley Nguyen,Marketing,EMP0006,2.6,3,L4,14,9.0,10,2023-08-26,Low
EMP0880,Cameron Nguyen,Operations,EMP0005,0.6,4,L3,6,1.2,6,2025-08-25,Medium
EMP0881,Morgan Garcia,Design,EMP0017,3.9,3,L4,23,6.9,5,2022-05-09,Low
EMP0882,Logan Brown,Marketing,EMP0013,10.6,2,L2,12,2.7,16,2015-08-28,High
EMP0883,Avery Johnson,Sales,EMP0018,11.1,4,L4,37,2.7,13,2015-02-27,Medium
EMP0884,Phoenix White,Product,EMP0019,7.7,3,L2,8,8.7,5,2018-07-22,Low
EMP0885,Riley Martinez,Marketing,EMP0017,9.6,4,L2,10,5.6,17,2016-08-27,Low
EMP0886,Logan Lewis,Product,EMP0016,8.6,3,L2,30,7.4,15,2017-08-27,Low
EMP0887,Ellis Thomas,Operations,EMP0008,7.9,3,L2,12,5.1,16,2018-05-10,Low
EMP0888,Parker Harris,Finance,EMP0003,7.0,5,L4,23,3.3,12,2019-04-03,Low
EMP0889,Finley Anderson,Operations,EMP0011,4.4,4,L2,29,5.6,16,2021-11-07,Medium
EMP0890,Sage Lee,Legal,EMP0015,9.7,3,L2,24,1.2,5,2016-07-22,Low
EMP0891,Sage Johnson,Legal,EMP0009,3.7,3,L1,34,6.8,5,2022-07-21,Low
EMP0892,Harley Clark,Sales,EMP0010,6.7,3,L1,43,4.0,7,2019-07-22,Low
EMP0893,Hayden Harris,Operations,EMP0012,11.0,1,L5,19,3.5,3,2015-04-04,Medium
EMP0894,River Jackson,Product,EMP0007,11.9,5,L2,25,3.0,20,2014-05-11,High
EMP0895,Drew Jackson,Operations,EMP0007,8.8,3,L4,5,3.8,16,2017-06-15,Medium
EMP0896,Hayden Anderson,Sales,EMP0005,5.6,4,L5,23,2.3,3,2020-08-27,Low
EMP0897,Emerson Johnson,Sales,EMP0018,4.3,3,L2,43,7.8,3,2021-12-14,Low
EMP0898,Reese Nguyen,Design,EMP0020,11.1,3,L3,21,6.1,15,2015-02-27,Low
EMP0899,Logan Wilson,Marketing,EMP0004,11.4,2,L3,24,2.7,17,2014-11-09,High
EMP0900,Taylor Thomas,Product,EMP0020,1.4,2,L1,35,2.6,9,2024-11-07,High
EMP0901,Riley Martinez,Engineering,EMP0015,3.6,3,L2,42,5.7,3,2022-08-26,Low
EMP0902,Reese Nguyen,IT,EMP0005,10.4,3,L2,10,9.9,5,2015-11-09,Low
EMP0903,Emerson Nguyen,Finance,EMP0016,1.8,3,L3,27,8.4,12,2024-06-13,Low
EMP0904,Rowan Brown,Product,EMP0005,6.2,4,L1,17,2.8,15,2020-01-20,Low
EMP0905,Logan Jackson,Engineering,EMP0019,6.5,5,L3,31,5.1,12,2019-10-03,Low
EMP0906,Parker Thomas,Operations,EMP0006,4.4,4,L2,19,4.5,16,2021-11-07,Low
EMP0907,Quinn Clark,Legal,EMP0002,11.0,3,L4,36,1.9,8,2015-04-04,Medium
EMP0908,Morgan Anderson,Product,EMP0007,3.7,5,L2,44,7.5,20,2022-07-21,Medium
EMP0909,Parker Smith,Sales,EMP0006,1.2,2,L2,20,4.7,4,2025-01-18,Medium
EMP0910,Jordan Smith,Operations,EMP0011,1.2,4,L4,47,5.2,15,2025-01-18,Medium
EMP0911,Dakota Brown,Product,EMP0015,3.2,4,L2,8,3.9,5,2023-01-19,Low
EMP0912,Riley Wilson,Finance,EMP0006,8.6,3,L4,30,8.4,6,2017-08-27,Low
EMP0913,Riley Nguyen,Sales,EMP0001,1.8,4,L1,10,1.7,14,2024-06-13,Low
EMP0914,Reese Wilson,IT,EMP0002,8.7,5,L3,34,2.9,6,2017-07-22,Medium
EMP0915,Drew Lee,Legal,EMP0007,5.5,4,L2,3,8.0,10,2020-10-02,Low
EMP0916,Phoenix Kim,People,EMP0007,0.5,1,L2,0,4.0,6,2025-10-01,Medium
EMP0917,Rowan Nguyen,Marketing,EMP0011,8.8,1,L3,32,2.0,9,2017-06-15,High
EMP0918,Alex Thomas,People,EMP0007,11.2,3,L2,27,2.1,8,2015-01-22,Medium
EMP0919,Jordan Lee,Sales,EMP0003,8.0,1,L3,13,5.1,14,2018-04-03,Low
EMP0920,Quinn Patel,IT,EMP0004,10.7,3,L4,38,5.5,8,2015-07-23,Low
EMP0921,Harley White,Marketing,EMP0005,7.3,5,L1,44,4.5,13,2018-12-15,Low
EMP0922,Avery Smith,Legal,EMP0017,1.1,1,L3,37,5.0,3,2025-02-24,High
EMP0923,Casey Anderson,Legal,EMP0014,7.5,5,L3,19,3.1,4,2018-10-03,Low
EMP0924,Bailey Martinez,Legal,EMP0002,6.1,3,L5,24,2.8,17,2020-02-26,Medium
EMP0925,Harley Martinez,Sales,EMP0014,1.9,3,L4,48,1.4,10,2024-05-08,Medium
EMP0926,Skyler Martinez,Legal,EMP0008,4.3,3,L3,3,9.2,15,2021-12-14,Low
EMP0927,Drew Garcia,Legal,EMP0003,2.4,4,L1,4,8.8,7,2023-11-07,Low
EMP0928,Riley Nguyen,Operations,EMP0003,1.4,4,L3,13,3.1,12,2024-11-07,Medium
EMP0929,Quinn White,Product,EMP0019,3.2,3,L5,15,3.7,9,2023-01-19,Low
EMP0930,River Garcia,Product,EMP0016,1.2,5,L2,25,4.4,16,2025-01-18,High
EMP0931,Rowan Clark,People,EMP0014,9.9,4,L4,1,7.9,12,2016-05-10,Low
EMP0932,Rowan White,Product,EMP0010,2.1,4,L2,16,4.4,20,2024-02-25,Low
EMP0933,Bailey Anderson,Engineering,EMP0007,1.1,2,L1,30,2.8,19,2025-02-24,High
EMP0934,Finley Johnson,Operations,EMP0012,6.1,5,L2,25,9.7,5,2020-02-26,Low
EMP0935,Skyler White,Sales,EMP0014,11.9,2,L4,36,2.5,14,2014-05-11,High
EMP0936,Remy Anderson,Legal,EMP0014,7.7,3,L2,3,6.9,4,2018-07-22,Low
EMP0937,Quinn Brown,Sales,EMP0005,7.7,4,L3,44,7.0,7,2018-07-22,Low
EMP0938,Skyler Nguyen,Operations,EMP0003,7.3,5,L2,10,1.1,5,2018-12-15,Low
EMP0939,Emerson Wilson,IT,EMP0010,10.5,3,L5,27,3.3,15,2015-10-04,Medium
EMP0940,Sloane Garcia,Design,EMP0004,8.9,4,L4,46,8.8,14,2017-05-10,Low
EMP0941,Alex Patel,Engineering,EMP0010,3.4,3,L5,47,4.6,18,2022-11-07,Medium
EMP0942,Riley Garcia,Operations,EMP0010,1.1,4,L1,33,4.8,14,2025-02-24,Medium
EMP0943,Phoenix Nguyen,Finance,EMP0007,2.6,3,L2,7,5.1,8,2023-08-26,Low
EMP0944,Taylor Wilson,People,EMP0020,3.3,5,L4,26,5.0,8,2022-12-14,Low
EMP0945,Alex Johnson,Legal,EMP0019,1.3,2,L2,4,4.1,6,2024-12-13,Medium
EMP0946,Reese Young,People,EMP0002,3.4,5,L2,42,6.2,3,2022-11-07,Low
EMP0947,Sage Martinez,Marketing,EMP0016,6.4,5,L3,17,9.4,13,2019-11-08,Low
EMP0948,Harley Martinez,Design,EMP0013,12.0,4,L1,23,7.0,14,2014-04-04,Low
EMP0949,Quinn Brown,Engineering,EMP0005,9.7,1,L3,44,4.6,19,2016-07-22,High
EMP0950,Logan Martinez,Operations,EMP0017,4.6,4,L3,42,8.8,3,2021-08-27,Low
EMP0951,Reese Young,Product,EMP0011,0.5,3,L2,2,9.7,18,2025-10-01,Medium
EMP0952,Kendall Garcia,Operations,EMP0004,9.6,3,L2,30,9.9,9,2016-08-27,Low
EMP0953,Sloane Clark,Product,EMP0005,10.5,5,L4,45,5.5,12,2015-10-04,Low
EMP0954,Riley Lee,IT,EMP0016,11.9,3,L2,28,9.6,9,2014-05-11,Low
EMP0955,Bailey Davis,Operations,EMP0011,1.5,5,L4,1,2.4,10,2024-10-01,Low
EMP0956,Taylor Martinez,IT,EMP0005,8.1,5,L3,42,2.1,18,2018-02-26,High
EMP0957,Logan Clark,Operations,EMP0011,10.5,5,L5,38,1.6,15,2015-10-04,Medium
EMP0958,Cameron Lewis,Sales,EMP0004,11.6,3,L1,14,3.0,5,2014-08-28,Low
EMP0959,Blake Johnson,Marketing,EMP0005,11.3,4,L5,7,6.2,3,2014-12-16,Low
EMP0960,Skyler Young,Marketing,EMP0011,7.2,3,L4,24,9.8,7,2019-01-20,Low
EMP0961,Sloane Brown,Marketing,EMP0015,7.2,2,L1,0,5.8,12,2019-01-20,Low
EMP0962,Kendall Patel,Design,EMP0002,6.1,3,L2,38,3.6,19,2020-02-26,High
EMP0963,Jordan Martinez,Product,EMP0007,3.5,4,L2,36,5.3,15,2022-10-02,Low
EMP0964,Harley White,Engineering,EMP0008,2.1,4,L5,46,9.4,8,2024-02-25,Low
EMP0965,Finley White,Engineering,EMP0006,8.8,3,L3,42,9.2,13,2017-06-15,Low
EMP0966,Kendall Clark,Sales,EMP0010,11.9,4,L3,25,1.6,9,2014-05-11,Medium
EMP0967,Emerson Garcia,Sales,EMP0002,4.9,2,L2,48,8.1,8,2021-05-09,Medium
EMP0968,Peyton Garcia,Engineering,EMP0007,5.5,3,L2,9,2.9,6,2020-10-02,Low
EMP0969,Riley Johnson,People,EMP0002,4.7,5,L2,43,8.6,18,2021-07-21,Medium
EMP0970,Avery Thomas,Operations,EMP0005,1.7,3,L2,21,6.3,6,2024-07-20,Low
EMP0971,Quinn Jackson,People,EMP0013,6.0,4,L4,11,6.9,15,2020-04-02,Low
EMP0972,Quinn Patel,Legal,EMP0017,4.6,2,L1,5,2.1,18,2021-08-27,High
EMP0973,Cameron Lee,Sales,EMP0014,9.6,3,L3,30,10.0,6,2016-08-27,Low
EMP0974,Phoenix Harris,Operations,EMP0001,8.7,5,L3,34,2.7,20,2017-07-22,High
EMP0975,Riley Young,Legal,EMP0004,6.0,3,L5,37,5.9,6,2020-04-02,Low
EMP0976,Logan Kim,Engineering,EMP0004,8.4,1,L1,28,8.2,9,2017-11-08,Medium
EMP0977,Riley Moore,IT,EMP0004,1.3,3,L2,48,1.3,20,2024-12-13,High
EMP0978,Casey Lewis,Sales,EMP0017,11.7,4,L3,15,3.7,17,2014-07-23,Medium
EMP0979,Avery Johnson,Legal,EMP0017,6.0,3,L3,22,6.5,4,2020-04-02,Low
EMP0980,Quinn Garcia,IT,EMP0020,2.5,3,L2,13,9.6,14,2023-10-02,Low
EMP0981,Quinn Moore,Finance,EMP0013,8.8,3,L2,35,3.3,5,2017-06-15,Medium
EMP0982,Rowan Kim,Legal,EMP0009,11.3,2,L3,13,1.6,19,2014-12-16,High
EMP0983,Dakota Patel,Legal,EMP0020,5.2,3,L1,27,4.4,6,2021-01-19,Low
EMP0984,Harley Brown,Marketing,EMP0012,8.3,3,L4,21,6.8,7,2017-12-15,Low
EMP0985,Emerson White,People,EMP0004,3.5,2,L1,14,4.4,12,2022-10-02,Low
EMP0986,Riley Martinez,Sales,EMP0018,1.4,3,L3,36,8.8,4,2024-11-07,Medium
EMP0987,Hayden Lewis,IT,EMP0018,11.4,3,L3,22,8.3,15,2014-11-09,Low
EMP0988,Jordan Anderson,Finance,EMP0005,1.8,1,L2,32,7.4,11,2024-06-13,Medium
EMP0989,Phoenix Jackson,Finance,EMP0015,8.6,3,L2,38,4.8,14,2017-08-27,Low
EMP0990,Blake Moore,Sales,EMP0008,6.2,3,L3,27,5.7,5,2020-01-20,Low
EMP0991,Taylor Wilson,People,EMP0008,9.3,4,L1,40,1.7,4,2016-12-15,Medium
EMP0992,Hayden White,IT,EMP0014,6.8,3,L5,0,9.7,7,2019-06-15,Low
EMP0993,Kendall Moore,Engineering,EMP0013,6.3,5,L3,34,7.3,3,2019-12-15,Low
EMP0994,Riley Harris,Design,EMP0017,8.5,4,L1,15,9.9,17,2017-10-03,Low
EMP0995,Hayden Thomas,Marketing,EMP0017,10.9,3,L5,23,8.6,16,2015-05-11,Low
EMP0996,Blake Wilson,IT,EMP0008,2.3,5,L4,21,9.2,6,2023-12-14,Low
EMP0997,Remy Harris,Operations,EMP0019,6.0,3,L2,0,7.6,12,2020-04-02,Low
EMP0998,Cameron Wilson,Engineering,EMP0016,10.0,1,L2,29,9.0,17,2016-04-03,High
EMP0999,Drew Lee,Engineering,EMP0012,4.4,1,L1,46,2.7,18,2021-11-07,High
EMP1000,Avery White,Engineering,EMP0016,6.5,5,L1,26,2.1,11,2019-10-03,Medium
